task_name,original_id,browsergym_split,level,webvoyager
validation.0,c61d22de-5f6c-4958-a7f6-5e9707bd3466,valid,2,TRUE
validation.1,17b5a6a3-bc87-42e8-b0fb-6ab0781ef2cc,valid,2,TRUE
validation.2,04a04a9b-226c-43fd-b319-d5e89743676f,valid,2,TRUE
validation.3,14569e28-c88c-43e4-8c32-097d35b9a67d,valid,2,TRUE
validation.4,e1fc63a2-da7a-432f-be78-7c4a95598703,valid,1,TRUE
validation.5,32102e3e-d12a-4209-9163-7b3a104efe5d,valid,2,FALSE
validation.6,8e867cd7-cff9-4e6c-867a-ff5ddc2550be,valid,1,TRUE
validation.7,3627a8be-a77f-41bb-b807-7e1bd4c0ebdf,valid,2,TRUE
validation.8,7619a514-5fa8-43ef-9143-83b66a43d7a4,valid,2,TRUE
validation.9,ec09fa32-d03f-4bf8-84b0-1f16922c3ae4,valid,1,FALSE
validation.10,676e5e31-a554-4acc-9286-b60d90a92d26,valid,3,FALSE
validation.11,7dd30055-0198-452e-8c25-f73dbe27dcb8,valid,2,FALSE
validation.12,2a649bb1-795f-4a01-b3be-9a01868dae73,valid,2,TRUE
validation.13,87c610df-bef7-4932-b950-1d83ef4e282b,valid,2,TRUE
validation.14,624cbf11-6a41-4692-af9c-36b3e5ca3130,valid,2,TRUE
validation.15,dd3c7503-f62a-4bd0-9f67-1b63b94194cc,valid,2,TRUE
validation.16,5d0080cb-90d7-4712-bc33-848150e917d3,valid,1,TRUE
validation.17,bec74516-02fc-48dc-b202-55e78d0e17cf,valid,3,FALSE
validation.18,a1e91b78-d3d8-4675-bb8d-62741b4b68a6,valid,1,TRUE
validation.19,46719c30-f4c3-4cad-be07-d5cb21eee6bb,valid,1,TRUE
validation.20,df6561b2-7ee5-4540-baab-5095f742716a,valid,2,FALSE
validation.21,00d579ea-0889-4fd9-a771-2c8d79835c8d,valid,3,FALSE
validation.22,4b6bb5f7-f634-410e-815d-e673ab7f8632,valid,1,TRUE
validation.23,f0f46385-fc03-4599-b5d3-f56496c3e69f,valid,2,TRUE
validation.24,384d0dd8-e8a4-4cfe-963c-d37f256e7662,valid,3,FALSE
validation.25,e4e91f1c-1dcd-439e-9fdd-cb976f5293fd,valid,2,TRUE
validation.26,56137764-b4e0-45b8-9c52-1866420c3df5,valid,2,TRUE
validation.27,de9887f5-ead8-4727-876f-5a4078f8598c,valid,3,FALSE
validation.28,cffe0e32-c9a6-4c52-9877-78ceb4aaa9fb,valid,1,FALSE
validation.29,8b3379c0-0981-4f5b-8407-6444610cb212,valid,2,TRUE
validation.30,0ff53813-3367-4f43-bcbd-3fd725c1bf4b,valid,2,TRUE
validation.31,983bba7c-c092-455f-b6c9-7857003d48fc,valid,3,FALSE
validation.32,a7feb290-76bb-4cb7-8800-7edaf7954f2f,valid,2,TRUE
validation.33,b4cc024b-3f5e-480e-b96a-6656493255b5,valid,2,TRUE
validation.34,2d83110e-a098-4ebb-9987-066c06fa42d0,valid,1,FALSE
validation.35,33d8ea3b-6c6b-4ff1-803d-7e270dea8a57,valid,2,TRUE
validation.36,5cfb274c-0207-4aa7-9575-6ac0bd95d9b2,valid,1,FALSE
validation.37,9b54f9d9-35ee-4a14-b62f-d130ea00317f,valid,3,FALSE
validation.38,e8cb5b03-41e0-4086-99e5-f6806cd97211,valid,2,TRUE
validation.39,27d5d136-8563-469e-92bf-fd103c28b57c,valid,1,FALSE
validation.40,dc28cf18-6431-458b-83ef-64b3ce566c10,valid,1,FALSE
validation.41,b816bfce-3d80-4913-a07d-69b752ce6377,valid,1,TRUE
validation.42,f46b4380-207e-4434-820b-f32ce04ae2a4,valid,2,TRUE
validation.43,72e110e7-464c-453c-a309-90a95aed6538,valid,1,TRUE
validation.44,05407167-39ec-4d3a-a234-73a9120c325d,valid,2,TRUE
validation.45,b9763138-c053-4832-9f55-86200cb1f99c,valid,2,TRUE
validation.46,16d825ff-1623-4176-a5b5-42e0f5c2b0ac,valid,2,TRUE
validation.47,2b3ef98c-cc05-450b-a719-711aee40ac65,valid,2,FALSE
validation.48,bfcd99e1-0690-4b53-a85c-0174a8629083,valid,2,FALSE
validation.49,544b7f0c-173a-4377-8d56-57b36eb26ddf,valid,2,TRUE
validation.50,42576abe-0deb-4869-8c63-225c2d75a95a,valid,1,FALSE
validation.51,6b078778-0b90-464d-83f6-59511c811b01,valid,2,TRUE
validation.52,b415aba4-4b68-4fc6-9b89-2c812e55a3e1,valid,1,TRUE
validation.53,076c8171-9b3b-49b9-a477-244d2a532826,valid,2,FALSE
validation.54,08cae58d-4084-4616-b6dd-dd6534e4825b,valid,2,TRUE
validation.55,cca530fc-4052-43b2-b130-b30968d8aa44,valid,1,FALSE
validation.56,2dfc4c37-fec1-4518-84a7-10095d30ad75,valid,2,TRUE
validation.57,935e2cff-ae78-4218-b3f5-115589b19dae,valid,1,TRUE
validation.58,4fc2f1ae-8625-45b5-ab34-ad4433bc21f8,valid,1,TRUE
validation.59,5188369a-3bbe-43d8-8b94-11558f909a08,valid,1,TRUE
validation.60,9f41b083-683e-4dcf-9185-ccfeaa88fa45,valid,2,TRUE
validation.61,6f37996b-2ac7-44b0-8e68-6d28256631b4,valid,1,FALSE
validation.62,56db2318-640f-477a-a82f-bc93ad13e882,valid,3,FALSE
validation.63,ecbc4f94-95a3-4cc7-b255-6741a458a625,valid,2,TRUE
validation.64,e9a2c537-8232-4c3f-85b0-b52de6bcba99,valid,2,FALSE
validation.65,8131e2c0-0083-4265-9ce7-78c2d568425d,valid,3,FALSE
validation.66,9318445f-fe6a-4e1b-acbf-c68228c9906a,valid,1,FALSE
validation.67,71345b0a-9c7d-4b50-b2bf-937ec5879845,valid,2,TRUE
validation.68,72c06643-a2fa-4186-aa5c-9ec33ae9b445,valid,3,FALSE
validation.69,ebbc1f13-d24d-40df-9068-adcf735b4240,valid,3,FALSE
validation.70,7b5377b0-3f38-4103-8ad2-90fe89864c04,valid,2,TRUE
validation.71,114d5fd0-e2ae-4b6d-a65a-870da2d19c08,valid,2,TRUE
validation.72,8f80e01c-1296-4371-9486-bb3d68651a60,valid,2,FALSE
validation.73,ad37a656-079a-49f9-a493-7b739c9167d1,valid,2,TRUE
validation.74,366e2f2b-8632-4ef2-81eb-bc3877489217,valid,2,FALSE
validation.75,c526d8d6-5987-4da9-b24c-83466fa172f3,valid,3,FALSE
validation.76,f3917a3d-1d17-4ee2-90c5-683b072218fe,valid,2,TRUE
validation.77,389793a7-ca17-4e82-81cb-2b3a2391b4b9,valid,1,FALSE
validation.78,4b650a35-8529-4695-89ed-8dc7a500a498,valid,1,FALSE
validation.79,3da89939-209c-4086-8520-7eb734e6b4ef,valid,3,FALSE
validation.80,48eb8242-1099-4c26-95d4-ef22b002457a,valid,2,TRUE
validation.81,c8b7e059-c60d-472e-ad64-3b04ae1166dc,valid,2,TRUE
validation.82,d1af70ea-a9a4-421a-b9cc-94b5e02f1788,valid,2,TRUE
validation.83,a3fbeb63-0e8c-4a11-bff6-0e3b484c3e9c,valid,1,FALSE
validation.84,8d46b8d6-b38a-47ff-ac74-cda14cf2d19b,valid,3,FALSE
validation.85,08f3a05f-5947-4089-a4c4-d4bcfaa6b7a0,valid,2,FALSE
validation.86,c714ab3a-da30-4603-bacd-d008800188b9,valid,1,FALSE
validation.87,9d191bce-651d-4746-be2d-7ef8ecadb9c2,valid,1,TRUE
validation.88,54612da3-fd56-4941-80f4-5eb82330de25,valid,2,FALSE
validation.89,ded28325-3447-4c56-860f-e497d6fb3577,valid,2,TRUE
validation.90,6359a0b1-8f7b-499b-9336-840f9ab90688,valid,2,FALSE
validation.91,e961a717-6b25-4175-8a68-874d28190ee4,valid,3,FALSE
validation.92,7cc4acfa-63fd-4acc-a1a1-e8e529e0a97f,valid,2,FALSE
validation.93,d700d50d-c707-4dca-90dc-4528cddd0c80,valid,2,TRUE
validation.94,65afbc8a-89ca-4ad5-8d62-355bb401f61d,valid,1,FALSE
validation.95,851e570a-e3de-4d84-bcfa-cc85578baa59,valid,3,FALSE
validation.96,cabe07ed-9eca-40ea-8ead-410ef5e83f91,valid,1,TRUE
validation.97,0a3cd321-3e76-4622-911b-0fda2e5d6b1a,valid,2,TRUE
validation.98,f2feb6a4-363c-4c09-a804-0db564eafd68,valid,2,TRUE
validation.99,3cef3a44-215e-4aed-8e3b-b1e3f08063b7,valid,1,FALSE
validation.100,50f58759-7bd6-406f-9b0d-5692beb2a926,valid,3,FALSE
validation.101,0b260a57-3f3a-4405-9f29-6d7a1012dbfb,valid,2,TRUE
validation.102,ed58682d-bc52-4baa-9eb0-4eb81e1edacc,valid,2,TRUE
validation.103,cca70ce6-1952-45d2-acd4-80c903b0bc49,valid,2,FALSE
validation.104,872bfbb1-9ccf-49f6-8c5f-aa22818ccd66,valid,3,FALSE
validation.105,99c9cc74-fdc8-46c6-8f8d-3ce2d3bfeea3,valid,1,FALSE
validation.106,b7f857e4-d8aa-4387-af2a-0e844df5b9d8,valid,2,FALSE
validation.107,d8152ad6-e4d5-4c12-8bb7-8d57dc10c6de,valid,2,FALSE
validation.108,67e8878b-5cef-4375-804e-e6291fdbe78a,valid,2,FALSE
validation.109,c3a79cfe-8206-451f-aca8-3fec8ebe51d3,valid,3,FALSE
validation.110,d0633230-7067-47a9-9dbf-ee11e0a2cdd6,valid,1,TRUE
validation.111,023e9d44-96ae-4eed-b912-244ee8c3b994,valid,2,TRUE
validation.112,305ac316-eef6-4446-960a-92d80d542f82,valid,1,FALSE
validation.113,0e9e85b8-52b9-4de4-b402-5f635ab9631f,valid,2,TRUE
validation.114,20194330-9976-4043-8632-f8485c6c71b2,valid,2,TRUE
validation.115,4d51c4bf-4b0e-4f3d-897b-3f6687a7d9f2,valid,2,FALSE
validation.116,0383a3ee-47a7-41a4-b493-519bdefe0488,valid,1,TRUE
validation.117,65638e28-7f37-4fa7-b7b9-8c19bb609879,valid,2,TRUE
validation.118,3ff6b7a9-a5bd-4412-ad92-0cd0d45c0fee,valid,2,TRUE
validation.119,f918266a-b3e0-4914-865d-4faa564f1aef,valid,1,FALSE
validation.120,708b99c5-e4a7-49cb-a5cf-933c8d46470d,valid,2,TRUE
validation.121,0a65cb96-cb6e-4a6a-8aae-c1084f613456,valid,2,TRUE
validation.122,11af4e1a-5f45-467d-9aeb-46f4bb0bf034,valid,1,TRUE
validation.123,e142056d-56ab-4352-b091-b56054bd1359,valid,1,FALSE
validation.124,50ad0280-0819-4bd9-b275-5de32d3b5bcb,valid,1,FALSE
validation.125,65da0822-a48a-4a68-bbad-8ed1b835a834,valid,2,TRUE
validation.126,da52d699-e8d2-4dc5-9191-a2199e0b6a9b,valid,3,FALSE
validation.127,0bb3b44a-ede5-4db5-a520-4e844b0079c5,valid,2,FALSE
validation.128,7673d772-ef80-4f0f-a602-1bf4485c9b43,valid,1,TRUE
validation.129,73c1b9fe-ee1d-4cf4-96ca-35c08f97b054,valid,2,TRUE
validation.130,c365c1c7-a3db-4d5e-a9a1-66f56eae7865,valid,1,TRUE
validation.131,ad2b4d70-9314-4fe6-bfbe-894a45f6055f,valid,3,FALSE
validation.132,5b2a14e8-6e59-479c-80e3-4696e8980152,valid,3,FALSE
validation.133,7d4a7d1d-cac6-44a8-96e8-ea9584a70825,valid,1,TRUE
validation.134,dc22a632-937f-4e6a-b72f-ba0ff3f5ff97,valid,1,TRUE
validation.135,e2d69698-bc99-4e85-9880-67eaccd66e6c,valid,2,TRUE
validation.136,3f57289b-8c60-48be-bd80-01f8099ca449,valid,1,TRUE
validation.137,a56f1527-3abf-41d6-91f8-7296d6336c3f,valid,2,TRUE
validation.138,23dd907f-1261-4488-b21c-e9185af91d5e,valid,1,TRUE
validation.139,42d4198c-5895-4f0a-b0c0-424a66465d83,valid,2,TRUE
validation.140,edd4d4f2-1a58-45c4-b038-67337af4e029,valid,2,FALSE
validation.141,a26649c6-1cb2-470a-871e-6910c64c3e53,valid,2,TRUE
validation.142,4d0aa727-86b1-406b-9b33-f870dd14a4a5,valid,2,FALSE
validation.143,1f975693-876d-457b-a649-393859e79bf3,valid,1,FALSE
validation.144,d5141ca5-e7a0-469f-bf3e-e773507c86e2,valid,2,TRUE
validation.145,9e1fc53b-46ff-49a1-9d05-9e6faac34cc5,valid,3,FALSE
validation.146,840bfca7-4f7b-481a-8794-c560c340185d,valid,1,TRUE
validation.147,1dcc160f-c187-48c2-b68e-319bd4354f3d,valid,2,TRUE
validation.148,b2c257e0-3ad7-4f05-b8e3-d9da973be36e,valid,2,FALSE
validation.149,e0c10771-d627-4fd7-9694-05348e54ee36,valid,2,TRUE
validation.150,a0068077-79f4-461a-adfe-75c1a4148545,valid,1,TRUE
validation.151,e29834fd-413a-455c-a33e-c3915b07401c,valid,2,TRUE
validation.152,bda648d7-d618-4883-88f4-3466eabd860e,valid,1,TRUE
validation.153,50ec8903-b81f-4257-9450-1085afd2c319,valid,1,FALSE
validation.154,cf106601-ab4f-4af9-b045-5295fe67b37d,valid,1,FALSE
validation.155,5f982798-16b9-4051-ab57-cfc7ebdb2a91,valid,3,FALSE
validation.156,a0c07678-e491-4bbc-8f0b-07405144218f,valid,1,FALSE
validation.157,7bd855d8-463d-4ed5-93ca-5fe35145f733,valid,1,FALSE
validation.158,5a0c1adf-205e-4841-a666-7c3ef95def9d,valid,1,FALSE
validation.159,0512426f-4d28-49f0-be77-06d05daec096,valid,3,FALSE
validation.160,0bdb7c40-671d-4ad1-9ce3-986b159c0ddc,valid,3,FALSE
validation.161,08c0b6e9-1b43-4c2e-ae55-4e3fce2c2715,valid,2,TRUE
validation.162,db4fd70a-2d37-40ea-873f-9433dc5e301f,valid,2,TRUE
validation.163,853c8244-429e-46ca-89f2-addf40dfb2bd,valid,2,TRUE
validation.164,7a4a336d-dcfa-45a0-b014-824c7619e8de,valid,2,TRUE
test.0,6af95c8f-8cbf-4c12-b02c-f9a23cc1ecb9,test,1,FALSE
test.1,c80ed443-b494-4e86-bec8-10ecb41c2326,test,2,FALSE
test.2,e14448e9-5243-4b07-86e1-22e657f96bcf,test,3,FALSE
test.3,198ffd8f-6041-458d-bacc-fe49872cfa43,test,1,FALSE
test.4,6583799b-573a-4e95-8b28-4f0397bd45c2,test,2,FALSE
test.5,12a682d7-8e8e-4d4c-8102-a97628027441,test,2,FALSE
test.6,4044eab7-1282-42bd-a559-3bf3a4d5858e,test,2,FALSE
test.7,6ace0798-0d0f-4122-8705-78acebf23191,test,2,FALSE
test.8,11016eca-0f56-443b-985e-a927bd4fc1b0,test,3,FALSE
test.9,7b10295b-5287-41d7-897c-663fe194c04d,test,1,FALSE
test.10,4033181f-1988-476b-bc33-6da0f96d7bd0,test,2,FALSE
test.11,7707f3dd-1aa6-42f5-847a-b66f3eaf2ee4,test,2,FALSE
test.12,5f862c5d-1d51-4efa-bbd0-eb313579b5f8,test,3,FALSE
test.13,cf0682db-1e31-4a36-913f-aedd501e44d1,test,1,FALSE
test.14,17a9628e-ccef-433c-9109-acaf024d5a55,test,3,FALSE
test.15,07ed8ebc-535a-4c2f-9677-3e434a08f7fd,test,1,FALSE
test.16,cd886ddd-2d12-4347-9c7a-64774f66a3d3,test,2,FALSE
test.17,d89733a3-7d86-4ed8-b5a3-bf4831b06e3c,test,1,FALSE
test.18,ac8e6d96-57a8-4936-a910-2bb04794b041,test,2,FALSE
test.19,cfd773c8-371f-425c-b081-f254f96c0530,test,1,FALSE
test.20,862862cb-519c-492a-8bee-309f3a8a5191,test,2,FALSE
test.21,c7d40b93-4ee9-4643-8a25-1bb1d5c00f06,test,2,FALSE
test.22,ca0a4c14-4b97-43e7-8923-539d61050ae3,test,2,FALSE
test.23,15c0b8fe-d3be-45df-a759-13a488d4baaa,test,2,FALSE
test.24,fcf5b93d-27fd-4637-ac5d-fad4e445ca94,test,1,FALSE
test.25,fece4d7a-4093-47b8-b58c-68ec591ec4c8,test,1,FALSE
test.26,460ef201-c5f4-41f4-9acd-e4215384e678,test,3,FALSE
test.27,7dc97fbf-c452-4b5d-9d19-db275daccd39,test,3,FALSE
test.28,adfc0afb-3ef2-4e79-b66b-c49823b6b913,test,2,FALSE
test.29,68ff53a8-e1a1-42b0-9180-3c0a37187387,test,2,FALSE
test.30,48f56def-d539-4780-a3f5-591a925a88bf,test,2,FALSE
test.31,c4456885-2f03-436f-8fe9-0b4ca6822cdb,test,3,FALSE
test.32,fa7bc619-bf17-4ef7-be80-c0e32144140f,test,1,FALSE
test.33,e20d0329-72bc-4634-ab37-47a217c2cfb6,test,2,FALSE
test.34,7674ee67-d671-462f-9e51-129944749a0a,test,3,FALSE
test.35,8e41f740-f193-4540-a7b1-62e0f4b804a0,test,1,FALSE
test.36,78cfc686-0e24-4e8e-acb4-291198301286,test,2,FALSE
test.37,ec9cb96f-0499-449e-b8f4-3eff8663ddd4,test,3,FALSE
test.38,c7003252-fc58-44bf-92f5-ec3991a49d00,test,1,FALSE
test.39,6e343c42-7f09-4df5-aab9-22c0293c2d30,test,1,FALSE
test.40,2e958b48-d4bf-4dc5-b051-442a2ef70630,test,3,FALSE
test.41,3f9f12e1-c848-4925-afea-eb484e17e986,test,2,FALSE
test.42,640e86a8-a261-4f6a-b507-0f510484eeff,test,2,FALSE
test.43,35320d83-246a-4367-8ed8-c04a93c68daa,test,2,FALSE
test.44,880c9d7d-aeb1-4fb0-a389-b9a88c451b50,test,2,FALSE
test.45,8f697523-6988-4c4f-8d72-760a45681f68,test,2,FALSE
test.46,7556cbdb-c736-4efa-b3ef-2ebc2c8f4da3,test,1,FALSE
test.47,c265a892-f429-454a-bfc1-d2164b520a90,test,2,FALSE
test.48,a0dcc222-691e-4b03-ac75-c4493991ab80,test,2,FALSE
test.49,02d0c7de-3cb6-43db-8b42-bb5be0923e28,test,2,FALSE
test.50,5b5e7996-4de6-46c4-8be2-0943417886e5,test,1,FALSE
test.51,f5d0b1c6-5e15-4c55-b60c-9fc855dda5cf,test,2,FALSE
test.52,c134398d-e1eb-4dab-97a1-6d9f715e53d0,test,2,FALSE
test.53,6f7d28c6-6a8c-44b2-8ea9-0988c1096a2a,test,1,FALSE
test.54,07f6a90e-ee1d-4d2b-ae1d-3556d66a9e11,test,2,FALSE
test.55,a4a37f5c-b160-43ed-8484-fe74572cb2c1,test,2,FALSE
test.56,5b89b147-cdab-40e1-be5b-819bc076c270,test,1,FALSE
test.57,07d803c0-7975-4da2-a62b-c8abafcdad9d,test,1,FALSE
test.58,411e5d0e-52db-492f-97a3-bd93658c0357,test,2,FALSE
test.59,5e76cfc3-f33d-4416-b8ae-3ef292830207,test,1,FALSE
test.60,9ace56cc-2454-4de2-8e39-d8fec7be6f44,test,2,FALSE
test.61,f94d6a97-9825-4308-8c69-fe6be4f6dff5,test,2,FALSE
test.62,06d24738-d12e-484a-999a-b6119f4167f4,test,2,FALSE
test.63,2102c078-d0f8-4a66-91d7-caca752bf55b,test,1,FALSE
test.64,965a4ea3-bb77-4ddd-9ee6-3160a6f8b8ef,test,2,FALSE
test.65,269f42c1-d767-4426-baf3-0d91c4423177,test,1,FALSE
test.66,4e4b3e43-7240-47b2-8594-8dacd70ee12e,test,2,FALSE
test.67,c3c656c0-b288-476d-85d6-6d7a95ad19ef,test,2,FALSE
test.68,d6f433d5-4203-47d4-990a-28dbf99e6afd,test,2,FALSE
test.69,cca708f8-277f-4d9c-920c-26e8065b82ad,test,2,FALSE
test.70,99b5ea36-0310-49c4-85d8-9ae83a96029a,test,2,FALSE
test.71,35a5c13a-6012-461f-abfc-cde9e5a0a0dd,test,2,FALSE
test.72,83692c1b-eab1-49f1-9ef4-151708310689,test,3,FALSE
test.73,2bb16c35-403a-4d4c-859e-a88ccd55f876,test,2,FALSE
test.74,3157eb2e-2b7c-48ae-8676-437c64d813d5,test,1,FALSE
test.75,c68c0db6-1929-4194-8602-56dce5ddbd29,test,3,FALSE
test.76,c1e3311d-5112-4690-bcdc-7da181657835,test,1,FALSE
test.77,335024e1-aa6a-4a48-bba5-fad4ebd8868c,test,3,FALSE
test.78,55aeb0ce-9170-4959-befb-59f6116887a4,test,1,FALSE
test.79,2db1003c-96b9-4e26-9223-5a2d491d26ac,test,3,FALSE
test.80,56376d48-f456-4c24-a917-834be04c7608,test,2,FALSE
test.81,2baa3989-5618-4f3b-9449-8b18e3e59281,test,1,FALSE
test.82,44eb0217-9ba3-47c8-9e1c-6325d26e6f90,test,2,FALSE
test.83,f4b55162-e06c-4ac0-be0e-78546bc87204,test,2,FALSE
test.84,03c577c9-4227-48a9-9b75-f8f598de14c1,test,2,FALSE
test.85,198f2b40-958b-497b-a685-15fdc0587481,test,1,FALSE
test.86,543eadae-e80a-44ba-b98d-6e8c4040dae8,test,1,FALSE
test.87,97f452b6-f144-4224-bfe4-b6a8e0bbce6a,test,1,FALSE
test.88,fe8f4748-5d00-4a27-9070-090a0cfdeac4,test,2,FALSE
test.89,e8b226bf-2ccd-4748-973d-08dad7aa8253,test,2,FALSE
test.90,fa06024a-119e-47e9-bf90-f543a3b330b6,test,3,FALSE
test.91,d6059b3e-e1da-43b4-ac26-ecad2984909b,test,3,FALSE
test.92,208b8625-c49d-4cf1-95b6-4ced3bff82fb,test,2,FALSE
test.93,943255a6-8c56-4cf8-9faf-c74743960097,test,3,FALSE
test.94,d82180c3-39f0-4008-a883-24d5226fc49b,test,3,FALSE
test.95,074f5cd6-d287-49d6-bc0a-f7d40fbf2f08,test,2,FALSE
test.96,2f14e114-55de-464f-af9b-82443c6ad5ba,test,2,FALSE
test.97,44cb62e5-b0c5-4f12-b96f-21e80ed2062d,test,2,FALSE
test.98,e196e50c-09fb-4a3a-81a9-c81ef41b0708,test,1,FALSE
test.99,4d8fc0e1-69c0-4fa9-9db1-05935ec5633e,test,1,FALSE
test.100,bb505145-7a10-4d23-8af9-39d2b833be3f,test,2,FALSE
test.101,028f0446-9529-4be4-af42-4a25d4ccda5a,test,3,FALSE
test.102,e463d411-6260-4d93-b5b4-6d9b1f619d5c,test,2,FALSE
test.103,1c4c108b-fd1a-4251-8a23-20efeaefcae9,test,2,FALSE
test.104,df30cd5b-cce6-475d-907d-69927f32d006,test,1,FALSE
test.105,4810c253-7b06-447d-8bf6-64558ac5f00f,test,2,FALSE
test.106,60fbc5a3-2805-4ad4-8eef-b58843b5053b,test,1,FALSE
test.107,80e1a640-960b-4b65-9bbf-fd94c2ec55fa,test,3,FALSE
test.108,2372640f-a119-4960-b624-5ffbe81d6f3f,test,2,FALSE
test.109,9845712b-bb09-45f8-a0a4-df29b7093877,test,1,FALSE
test.110,8aa22ddc-fe80-464c-9c96-8d534fa5c7d5,test,2,FALSE
test.111,ffad7d0a-e20d-461f-b5be-07804917235d,test,2,FALSE
test.112,04893fc3-34fc-4117-8457-a717ad01a6a9,test,2,FALSE
test.113,b7767ed5-20c7-4243-86b1-e8bd9a3d2a64,test,3,FALSE
test.114,25575ca4-9632-428a-8789-5a6910475451,test,2,FALSE
test.115,8770c47d-56ad-42cf-b0a6-7e48d0d19019,test,1,FALSE
test.116,0a8063da-eae2-4f84-8603-e71e8714ec23,test,2,FALSE
test.117,b923ed47-f382-4c56-90fa-fbafb0ea1cca,test,2,FALSE
test.118,24db55fc-5bd5-402e-8b85-f01d4d50d8c2,test,2,FALSE
test.119,21aba0e0-03d6-4541-b467-a0384ca5298a,test,2,FALSE
test.120,5bbf523f-b902-4d7d-8e8d-212d00018733,test,1,FALSE
test.121,5093d134-9bc8-41c0-8dd2-094a59ddc002,test,2,FALSE
test.122,be353748-74eb-4904-8f17-f180ce087f1a,test,2,FALSE
test.123,021f63bc-b8cf-484d-a373-ca468fa8ab37,test,2,FALSE
test.124,70510d87-5004-4e4a-b078-21abf699dc12,test,1,FALSE
test.125,405c2f42-5d01-46d1-97eb-2e96b7cee542,test,2,FALSE
test.126,0a3d99c6-d130-49a8-a8bc-6cd5999cc3b4,test,2,FALSE
test.127,2e6c39b3-5988-4569-9401-3dde97425be6,test,2,FALSE
test.128,de41fdda-d03c-4655-a3f2-33d9a22e789a,test,3,FALSE
test.129,7c215d46-91c7-424e-9f22-37d43ab73ea6,test,1,FALSE
test.130,00f49e33-3f00-4e8d-9ea5-a85bc7f3462f,test,2,FALSE
test.131,55caccf7-8c3b-4d40-842a-825789f55dd7,test,2,FALSE
test.132,4d317450-948c-4445-b15a-a170813a05e5,test,2,FALSE
test.133,427348d3-797e-4bfc-88ef-d5780f982d58,test,2,FALSE
test.134,67592f4a-f0ce-4d1f-be02-fde74748926f,test,1,FALSE
test.135,6dc2ac8a-dfb8-48bc-a9f0-73d5435106b1,test,2,FALSE
test.136,86ca62df-b518-48e7-9115-1b0b800e5453,test,1,FALSE
test.137,7805912b-c8da-4134-9b54-b590f884352a,test,1,FALSE
test.138,5c418120-2a9f-4bae-8aee-d37ac26f8465,test,2,FALSE
test.139,d9060545-9e29-4a0b-8a1d-57211c462637,test,2,FALSE
test.140,2698c8fa-868a-4ce6-9290-6cb397d1e071,test,2,FALSE
test.141,fcd80879-4f1d-49d8-b6d6-2993607432c2,test,1,FALSE
test.142,e8df5ee8-e804-4ab4-a5b5-f737ffb7c37a,test,2,FALSE
test.143,23bcfab0-f47b-4dcb-8599-459c329ac153,test,2,FALSE
test.144,82b89810-1217-4ad8-aa9f-26e7c74ba6e5,test,2,FALSE
test.145,68d05bcc-e6cd-43f1-8e9e-e73d507cd02f,test,1,FALSE
test.146,b1a37359-2e2e-4521-bb3d-cecdf3ec5419,test,2,FALSE
test.147,1276e220-1482-424f-9c05-ae459f9de38e,test,3,FALSE
test.148,7e7d97af-7472-4150-815d-8a6400aa0dc8,test,3,FALSE
test.149,ed7354ce-7c07-47b0-bc2a-d9f5bbc50bc7,test,3,FALSE
test.150,91d929df-7666-4eed-894c-1bafe5b2e883,test,1,FALSE
test.151,15b85766-24c0-4ee9-98f7-3ff237c89dc8,test,2,FALSE
test.152,e87720bf-7dbe-49c2-b91c-bfc23b14d157,test,2,FALSE
test.153,171dd6d2-d1d4-439b-8d4e-7507018a816b,test,1,FALSE
test.154,e013fc18-abfc-4101-9acc-6273112517f6,test,1,FALSE
test.155,456cd699-e6f0-4729-a18e-077ffc7337c0,test,2,FALSE
test.156,680d7d77-c0c7-49c8-88fd-f8ec623645e9,test,1,FALSE
test.157,220a2b08-ffdc-4665-af4e-025670f5408b,test,1,FALSE
test.158,dbb02ff7-f947-491b-9ce2-41e3df16dbb8,test,2,FALSE
test.159,e58ea654-994a-44fd-aaff-bf033c715c56,test,2,FALSE
test.160,3c5f0280-b1a3-43cf-817e-c3fa0016b1e2,test,1,FALSE
test.161,e47bd787-8024-425e-985c-7809bd992fa5,test,2,FALSE
test.162,fb59de38-e688-43f9-a959-a687e6cd0ebc,test,2,FALSE
test.163,355b827f-fff0-4e0c-9ff0-65dea0609838,test,1,FALSE
test.164,a15f8d90-115d-4376-98b3-c866be21ef8f,test,1,FALSE
test.165,adbc62c6-dc67-4bd8-a245-e1ed36b0d733,test,1,FALSE
test.166,ca94a79c-30ee-4c9c-9be6-57b4bb4284d3,test,3,FALSE
test.167,e26e4f19-0c1c-430d-a881-66e52b9043f5,test,2,FALSE
test.168,aac4df0d-407a-45f2-add5-d9b31ebe1ddc,test,2,FALSE
test.169,698799a7-33df-4892-9ecd-76600ad91b96,test,2,FALSE
test.170,66bd1b1c-443b-4b4e-a108-0fa06527dd62,test,1,FALSE
test.171,302a5b22-7599-4f9d-966b-445db74a0533,test,1,FALSE
test.172,8b553092-3d44-4ab3-8d1e-932aabc1e143,test,3,FALSE
test.173,c16acedc-7a4e-4df5-a007-200faa5c67e5,test,2,FALSE
test.174,1b738608-485d-4456-98d3-31ad60f77284,test,2,FALSE
test.175,9961d869-f827-4540-bcf0-1e09c2cba3b0,test,2,FALSE
test.176,ff43a8cd-3850-42a4-bdb1-1eea53a8fcb7,test,2,FALSE
test.177,d8f6be13-17f3-450a-b68f-89d7de943cf1,test,2,FALSE
test.178,ed5e2ddd-6a3b-43a2-b6dc-a6c8862e06d7,test,2,FALSE
test.179,beeee382-3b29-4be2-b6c7-e54e3543c93f,test,1,FALSE
test.180,7245af7c-404e-4d60-9ef4-94ed301e5315,test,1,FALSE
test.181,8488761b-6d5a-4be0-86d6-5cf8d6c13efe,test,1,FALSE
test.182,1dd3f5f0-a467-4336-b1e1-78ea886a2244,test,1,FALSE
test.183,cadc593c-ebde-43ec-afa6-a8a4e95c0e38,test,1,FALSE
test.184,cbdb17dc-62d9-4463-b648-2eaacfeba4e5,test,1,FALSE
test.185,b78952b8-af19-4ffa-9275-cfa41a255b8a,test,1,FALSE
test.186,6178671d-6f80-4e0d-9672-54afaf7b527b,test,2,FALSE
test.187,3415b0bd-f53f-4397-b657-b3204d43235e,test,3,FALSE
test.188,07c3029f-7095-455d-a9e9-cd5e34001b38,test,1,FALSE
test.189,b3654e47-4307-442c-a09c-945b33b913c6,test,2,FALSE
test.190,01af5e27-e389-4c69-a133-412e16532b67,test,1,FALSE
test.191,d543b75f-96e6-4b04-bf2c-60acd0d48246,test,2,FALSE
test.192,e5de797e-4429-425e-80b4-2fed4620c52b,test,3,FALSE
test.193,70e18502-7ff4-4aa7-85ed-f5587cc582c9,test,2,FALSE
test.194,68ccf11a-bcd3-41e5-a5ee-3e29253449e9,test,1,FALSE
test.195,f1ba834a-3bcb-4e55-836c-06cc1e2ccb9f,test,1,FALSE
test.196,dd024dd9-8da6-4d4e-aee1-ed0d999035a9,test,1,FALSE
test.197,634fca59-03b2-4cdf-9ce4-0205df22f256,test,3,FALSE
test.198,b4d2d683-7870-4940-8eaf-03cd1355873a,test,2,FALSE
test.199,98efafc6-c376-4b53-be91-a130e1d90e02,test,3,FALSE
test.200,c7adc367-cf65-43f5-acc6-b3cc8b61c51e,test,2,FALSE
test.201,900bb2d0-c2ae-43a6-b25b-62f96c3770e3,test,2,FALSE
test.202,314b3c26-3e8d-4f8c-a9aa-c77275072e0b,test,1,FALSE
test.203,41220f73-ec72-47c1-ba53-a6e50e4896b9,test,3,FALSE
test.204,27ee81e0-9f94-4b2d-8ab5-3c7033fcefca,test,1,FALSE
test.205,8f515e77-1b54-4183-bd5d-3c5f71674931,test,1,FALSE
test.206,967ad395-7b16-43a2-83e7-41df7cd6401a,test,3,FALSE
test.207,afd1efe6-03dd-478c-9eb1-e562355ee94e,test,2,FALSE
test.208,f30a836f-420f-4738-80af-d2491e072dab,test,2,FALSE
test.209,f1746e25-adf7-4565-8365-56f3d3536c92,test,2,FALSE
test.210,cd8166fc-8a04-43b8-956a-785c6513671a,test,2,FALSE
test.211,8a0e4077-b38a-4ccb-bfc4-99786b1f577c,test,3,FALSE
test.212,9d0f88cd-f02d-4864-bf15-93ec95fef4f8,test,3,FALSE
test.213,3cc53dbf-1ab9-4d21-a56a-fc0151c10f89,test,2,FALSE
test.214,b548db79-fabd-4bbc-81f3-43097159a3a5,test,2,FALSE
test.215,bdb2f8ff-83a3-4288-a019-68c7968198f6,test,1,FALSE
test.216,9b98305b-af16-489e-adbc-41b5c5a0ec2d,test,2,FALSE
test.217,22f61d58-b420-4afb-a641-39ef09c65603,test,1,FALSE
test.218,d50b8ecb-a8aa-4696-ad84-403ef15e2c8b,test,2,FALSE
test.219,b01a3c5f-56ce-4fee-bc15-afd2047bc976,test,1,FALSE
test.220,cebff819-f4d7-4b4a-8c42-31bed1a062c5,test,2,FALSE
test.221,8f2e558f-c8a3-4e00-81fd-d52d62917977,test,3,FALSE
test.222,f2ea141f-073c-4a86-af4c-fd1f2e7903fc,test,1,FALSE
test.223,985ec22e-546b-49fc-ab3c-af490fbefdf3,test,3,FALSE
test.224,2131de62-c9b7-4f08-a28f-ccbd9e4809f3,test,1,FALSE
test.225,5f2b2e54-5047-4394-81be-198230c3b508,test,2,FALSE
test.226,f08e2efd-1885-4437-8c88-90a20558ad1d,test,1,FALSE
test.227,d219675a-0552-4fe0-8c5a-ae7365501f00,test,2,FALSE
test.228,9aefe06d-0921-4941-96b4-154de9ee4f05,test,2,FALSE
test.229,bb686773-a454-44d5-b193-cfccfdb90dee,test,2,FALSE
test.230,633d1eae-8748-43e3-889a-0830c1c870c4,test,2,FALSE
test.231,2b2e4e18-a825-4285-aeb1-8d93d2521627,test,2,FALSE
test.232,59b3cfb0-a06a-4ac5-b54e-81c9db8b0957,test,2,FALSE
test.233,32f386b9-73ee-4455-b412-ddad508aa979,test,1,FALSE
test.234,f2fa52f6-fc8a-498c-98d3-17f66c848d1b,test,2,FALSE
test.235,d62cbee6-47c7-4918-825d-3b73b1af7e85,test,1,FALSE
test.236,91f2bf12-5280-4efc-b9a7-26e67ca850b4,test,1,FALSE
test.237,16cf70d8-9263-4eb0-a8a9-5eb91a23b462,test,3,FALSE
test.238,0e4aa403-de9a-4f69-be4a-b141184db4a9,test,3,FALSE
test.239,07c930f4-40a4-4be7-9165-ce8ad24bdbf9,test,2,FALSE
test.240,063800f6-8832-4856-972b-17b877612533,test,2,FALSE
test.241,c9adfc66-ee9e-437a-aa54-e76ab00d9a4a,test,1,FALSE
test.242,462413b8-642c-4a4d-be27-1a9406100e31,test,2,FALSE
test.243,dfa03d6c-402b-43fc-9222-5738f8bdfd0c,test,1,FALSE
test.244,e51753c7-3ef3-4404-a352-11a18e5760c9,test,3,FALSE
test.245,7a770333-8c1b-4008-b630-9d3cb4f0c171,test,3,FALSE
test.246,c771f182-c66e-4c81-b1b8-80f924e7ca9a,test,2,FALSE
test.247,5cb40f44-29b4-49de-a924-03e68191a994,test,2,FALSE
test.248,7cf5f072-4c37-4ccb-8c4e-a8f66fcdd9e1,test,1,FALSE
test.249,52e8ce1c-09bd-4537-8e2d-67d1648779b9,test,1,FALSE
test.250,763a8789-8aa9-4254-aa12-779bec9c7aef,test,2,FALSE
test.251,f9f97b63-52e5-482f-beb8-c0f3cfac163e,test,1,FALSE
test.252,e4b6ca51-c70d-45f7-90dd-cbd1790df1cb,test,2,FALSE
test.253,fb488ce0-520c-4f3b-b953-b52b4130fb06,test,2,FALSE
test.254,52fcc23e-4e68-43da-9410-f8f33632006f,test,1,FALSE
test.255,b201ae2a-fdab-4e13-a687-174d557d608a,test,2,FALSE
test.256,fb349e07-d6c6-4d98-9a0e-1a3567f7d9bd,test,2,FALSE
test.257,4866d2d0-e86f-4541-9801-4faa9b910a35,test,2,FALSE
test.258,6de7d951-8dfe-449f-a808-76e2359b75b8,test,2,FALSE
test.259,84dff22d-5520-49f7-9c0a-d4b7a49de8cf,test,3,FALSE
test.260,b74b4ce7-4f03-42b5-b60e-62da7ffa282e,test,2,FALSE
test.261,d366cc70-86f1-4dca-bf12-440479c825fe,test,2,FALSE
test.262,4dccff35-158b-4647-8ad0-b7432112077d,test,1,FALSE
test.263,3013b87b-dc19-466a-b803-6b7239b9fd9c,test,2,FALSE
test.264,97426980-08b7-4627-a076-be6f4b3a95c8,test,3,FALSE
test.265,ed30357a-9648-49fd-8d34-a78e71d0984c,test,2,FALSE
test.266,69b557be-22a3-48fd-971c-0381d867ec0c,test,3,FALSE
test.267,0a5a5fd6-97b7-4cce-ad9f-bdaaee042bec,test,1,FALSE
test.268,f8ee2934-7981-4cd4-8abc-e91239c50c97,test,3,FALSE
test.269,a582f258-4e42-47db-8669-4280537fe223,test,2,FALSE
test.270,f7f36b51-3ad4-4149-af93-1b4355b438b0,test,2,FALSE
test.271,d31b3ec0-bf91-42dd-82fb-43655964505d,test,2,FALSE
test.272,c47d5037-f591-4958-a27c-c9c89dc30df0,test,2,FALSE
test.273,ebfd308e-59c1-4389-8812-7ea4cda7f4bc,test,1,FALSE
test.274,8c638aa7-81d9-4d06-9ae4-0c0a5540ea5b,test,2,FALSE
test.275,2648baca-4e35-4353-8772-4da848c8440e,test,1,FALSE
test.276,c70c16aa-6c86-4ad0-b2f6-82fc748f49a2,test,3,FALSE
test.277,021a5339-744f-42b7-bd9b-9368b3efda7a,test,2,FALSE
test.278,eb0292b5-a09a-451b-8cd1-a8671095a0d0,test,2,FALSE
test.279,67f89b20-03eb-4f2d-8cbc-a94e5cc05343,test,2,FALSE
test.280,aea1ea38-dfd0-41ab-ad79-badc3c69c784,test,2,FALSE
test.281,0870ef1f-c712-4e67-8940-8581cc9455dd,test,2,FALSE
test.282,e8719a2f-6bbd-40b6-95b5-7706f7a6445a,test,1,FALSE
test.283,4c386922-5c65-4f33-86d5-107a97ad6654,test,1,FALSE
test.284,fa93f13c-5967-41ad-9ccb-6a351be9f625,test,2,FALSE
test.285,b74aa3b0-16a7-4a79-a8df-0cbdcf1d2eb8,test,1,FALSE
test.286,9e72b135-afa1-4e39-9e21-ea34d0726e20,test,2,FALSE
test.287,b4395888-4e6d-4d02-b7ee-11dbccdb802d,test,2,FALSE
test.288,088d34d3-8b99-4928-ba26-9a0c6098a616,test,3,FALSE
test.289,4b52450e-0c0d-434e-8358-85e80cb2514c,test,2,FALSE
test.290,b9c62d30-86f8-4b36-80b6-afb34852cea6,test,1,FALSE
test.291,0c393561-dd13-4b7c-ac49-20ac469aa276,test,3,FALSE
test.292,9ca9bc20-1a0b-4076-9937-7724e3491cf8,test,2,FALSE
test.293,d8434132-f196-4048-82c3-c06facff53c0,test,2,FALSE
test.294,f6d29ef1-0e4d-41cb-ac25-e60023b3bd96,test,2,FALSE
test.295,4cf4a5c1-7c9c-4cce-94cb-57b8be196244,test,2,FALSE
test.296,e395eb42-8b78-4995-9f8b-25e3a56ab359,test,2,FALSE
test.297,70e0a9c6-24bf-48ed-afa1-f0d0eaaa0209,test,1,FALSE
test.298,de21a804-9b9e-40b6-aede-392e3360b147,test,1,FALSE
test.299,d0e1cd7d-0af2-4ca0-8e9d-7a3fa0687e7f,test,2,FALSE
test.300,0-0-0-0-0,test,3,FALSE