task_name,requires_reset,sites,eval_types,reasoning_difficulty,visual_difficulty,overall_difficulty,task_id,browsergym_split,depends_on
visualwebarena.0,False,classifieds,medium,easy,medium,url_match,0,test,
visualwebarena.1,False,classifieds,medium,easy,medium,url_match,1,train,visualwebarena.0
visualwebarena.2,False,classifieds,medium,easy,medium,url_match,2,train,visualwebarena.1
visualwebarena.3,False,classifieds,medium,easy,medium,url_match,3,train,visualwebarena.2
visualwebarena.4,True,classifieds,hard,easy,hard,program_html,4,test,visualwebarena.3
visualwebarena.5,True,classifieds,medium,easy,medium,program_html,5,train,visualwebarena.4
visualwebarena.6,False,classifieds,medium,easy,medium,string_match,6,test,visualwebarena.5
visualwebarena.7,False,classifieds,medium,easy,medium,string_match,7,test,visualwebarena.6
visualwebarena.8,True,classifieds,hard,medium,hard,program_html page_image_query,8,test,visualwebarena.7
visualwebarena.9,True,classifieds,hard,medium,hard,program_html page_image_query,9,train,visualwebarena.8
visualwebarena.10,False,classifieds,easy,easy,easy,string_match,10,train,visualwebarena.9
visualwebarena.11,False,classifieds,easy,easy,easy,string_match,11,test,visualwebarena.10
visualwebarena.12,False,classifieds,easy,easy,easy,string_match,12,test,visualwebarena.11
visualwebarena.13,False,classifieds,easy,easy,easy,string_match,13,train,visualwebarena.12
visualwebarena.14,False,classifieds,easy,easy,easy,string_match,14,train,visualwebarena.13
visualwebarena.15,False,classifieds,easy,easy,easy,string_match,15,train,visualwebarena.14
visualwebarena.16,False,classifieds,easy,medium,medium,string_match,16,test,visualwebarena.15
visualwebarena.17,False,classifieds,medium,easy,medium,url_match,17,train,visualwebarena.16
visualwebarena.18,False,classifieds,medium,easy,medium,url_match,18,test,visualwebarena.17
visualwebarena.19,False,classifieds,medium,easy,medium,url_match,19,train,visualwebarena.18
visualwebarena.20,False,classifieds,medium,easy,medium,url_match,20,test,visualwebarena.19
visualwebarena.21,False,classifieds,medium,easy,medium,url_match,21,train,visualwebarena.20
visualwebarena.22,False,classifieds,easy,easy,easy,string_match,22,test,visualwebarena.21
visualwebarena.23,False,classifieds,easy,easy,easy,string_match,23,test,visualwebarena.22
visualwebarena.24,False,classifieds,easy,easy,easy,string_match,24,train,visualwebarena.23
visualwebarena.25,False,classifieds,hard,easy,medium,string_match,25,test,visualwebarena.24
visualwebarena.26,False,classifieds,hard,easy,medium,string_match,26,test,visualwebarena.25
visualwebarena.27,False,classifieds,hard,medium,hard,string_match,27,test,visualwebarena.26
visualwebarena.28,True,classifieds,hard,medium,hard,program_html,28,test,visualwebarena.27
visualwebarena.29,True,classifieds,hard,easy,medium,program_html,29,train,visualwebarena.28
visualwebarena.30,True,classifieds,hard,easy,medium,program_html,30,train,visualwebarena.29
visualwebarena.31,True,classifieds,hard,easy,medium,program_html,31,test,visualwebarena.30
visualwebarena.32,False,classifieds,hard,medium,medium,program_html,32,train,visualwebarena.31
visualwebarena.33,False,classifieds,hard,easy,medium,program_html,33,train,visualwebarena.32
visualwebarena.34,False,classifieds,hard,hard,hard,string_match,34,train,visualwebarena.33
visualwebarena.35,False,classifieds,hard,easy,hard,string_match,35,train,visualwebarena.34
visualwebarena.36,False,classifieds shopping,hard,easy,hard,string_match,36,test,visualwebarena.35
visualwebarena.37,False,classifieds shopping,hard,medium,hard,string_match,37,test,visualwebarena.36
visualwebarena.38,False,classifieds,hard,easy,hard,string_match,38,test,visualwebarena.37
visualwebarena.39,False,classifieds,hard,easy,hard,string_match,39,train,visualwebarena.38
visualwebarena.40,False,classifieds,medium,easy,medium,string_match,40,test,visualwebarena.39
visualwebarena.41,False,classifieds,easy,easy,easy,string_match,41,test,visualwebarena.40
visualwebarena.42,False,classifieds,easy,easy,easy,string_match,42,test,visualwebarena.41
visualwebarena.43,False,classifieds,easy,easy,easy,string_match,43,train,visualwebarena.42
visualwebarena.44,False,classifieds,hard,medium,medium,url_match,44,train,visualwebarena.43
visualwebarena.45,False,classifieds,medium,medium,medium,url_match,45,test,visualwebarena.44
visualwebarena.46,False,classifieds,hard,medium,hard,url_match,46,train,visualwebarena.45
visualwebarena.47,False,classifieds,hard,medium,hard,url_match,47,train,visualwebarena.46
visualwebarena.48,False,classifieds,medium,medium,medium,url_match,48,test,visualwebarena.47
visualwebarena.49,False,classifieds,easy,easy,easy,string_match,49,train,visualwebarena.48
visualwebarena.50,False,classifieds,easy,easy,easy,string_match,50,test,visualwebarena.49
visualwebarena.51,False,classifieds,medium,hard,hard,url_match,51,train,visualwebarena.50
visualwebarena.52,False,classifieds,easy,medium,easy,url_match,52,test,visualwebarena.51
visualwebarena.53,False,classifieds,easy,easy,easy,url_match,53,train,visualwebarena.52
visualwebarena.54,False,classifieds,easy,easy,easy,url_match,54,test,visualwebarena.53
visualwebarena.55,False,classifieds,easy,easy,easy,url_match,55,train,visualwebarena.54
visualwebarena.56,False,classifieds,easy,easy,easy,url_match,56,train,visualwebarena.55
visualwebarena.57,True,classifieds,hard,easy,medium,program_html,57,test,visualwebarena.56
visualwebarena.58,False,classifieds,medium,easy,medium,url_match,58,test,visualwebarena.57
visualwebarena.59,False,classifieds,medium,medium,medium,url_match,59,train,visualwebarena.58
visualwebarena.60,False,classifieds,hard,medium,medium,url_match,60,test,visualwebarena.59
visualwebarena.61,False,classifieds,hard,medium,medium,url_match,61,train,visualwebarena.60
visualwebarena.62,False,classifieds,hard,medium,medium,url_match,62,train,visualwebarena.61
visualwebarena.63,False,classifieds,medium,hard,hard,url_match,63,test,visualwebarena.62
visualwebarena.64,False,classifieds,medium,medium,medium,url_match,64,test,visualwebarena.63
visualwebarena.65,False,classifieds,medium,medium,medium,url_match,65,train,visualwebarena.64
visualwebarena.66,False,classifieds,medium,medium,medium,url_match,66,test,visualwebarena.65
visualwebarena.67,False,classifieds,medium,medium,medium,url_match,67,train,visualwebarena.66
visualwebarena.68,False,classifieds,medium,easy,easy,url_match,68,train,visualwebarena.67
visualwebarena.69,False,classifieds,hard,hard,hard,url_match,69,test,visualwebarena.68
visualwebarena.70,False,classifieds,medium,medium,medium,url_match,70,train,visualwebarena.69
visualwebarena.71,False,classifieds,hard,medium,hard,url_match,71,train,visualwebarena.70
visualwebarena.72,False,classifieds,hard,medium,hard,url_match,72,test,visualwebarena.71
visualwebarena.73,False,classifieds,medium,medium,medium,url_match,73,train,visualwebarena.72
visualwebarena.74,False,classifieds,medium,easy,easy,url_match,74,test,visualwebarena.73
visualwebarena.75,False,classifieds,hard,easy,hard,program_html,75,train,visualwebarena.74
visualwebarena.76,True,classifieds,hard,easy,hard,program_html,76,test,visualwebarena.75
visualwebarena.77,True,classifieds,hard,easy,hard,program_html,77,train,visualwebarena.76
visualwebarena.78,False,classifieds,easy,medium,medium,url_match,78,test,visualwebarena.77
visualwebarena.79,False,classifieds,easy,medium,medium,url_match,79,test,visualwebarena.78
visualwebarena.80,False,classifieds,easy,medium,medium,string_match,80,train,visualwebarena.79
visualwebarena.81,False,classifieds,medium,hard,hard,url_match,81,test,visualwebarena.80
visualwebarena.82,False,classifieds,medium,medium,medium,url_match string_match,82,test,visualwebarena.81
visualwebarena.83,False,classifieds,easy,medium,medium,string_match,83,train,visualwebarena.82
visualwebarena.84,False,classifieds,hard,medium,hard,url_match string_match,84,train,visualwebarena.83
visualwebarena.85,False,classifieds,hard,medium,hard,url_match string_match,85,test,visualwebarena.84
visualwebarena.86,False,classifieds,medium,easy,medium,url_match,86,test,visualwebarena.85
visualwebarena.87,False,classifieds,easy,medium,easy,url_match,87,test,visualwebarena.86
visualwebarena.88,False,classifieds,medium,medium,medium,url_match,88,test,visualwebarena.87
visualwebarena.89,False,classifieds,medium,easy,easy,url_match,89,train,visualwebarena.88
visualwebarena.90,False,classifieds,medium,medium,medium,url_match,90,test,visualwebarena.89
visualwebarena.91,False,classifieds,medium,medium,medium,url_match,91,test,visualwebarena.90
visualwebarena.92,False,classifieds,medium,hard,hard,url_match,92,train,visualwebarena.91
visualwebarena.93,False,classifieds,easy,medium,medium,url_match,93,test,visualwebarena.92
visualwebarena.94,False,classifieds,easy,easy,easy,url_match,94,train,visualwebarena.93
visualwebarena.95,False,classifieds,hard,easy,hard,program_html,95,test,visualwebarena.94
visualwebarena.96,False,classifieds,easy,medium,easy,url_match string_match,96,train,visualwebarena.95
visualwebarena.97,False,classifieds,medium,easy,easy,url_match,97,test,visualwebarena.96
visualwebarena.98,False,classifieds,medium,easy,easy,string_match,98,test,visualwebarena.97
visualwebarena.99,False,classifieds,hard,hard,hard,url_match string_match,99,train,visualwebarena.98
visualwebarena.100,False,classifieds,hard,hard,hard,string_match,100,train,visualwebarena.99
visualwebarena.101,False,classifieds,medium,hard,hard,url_match,101,train,visualwebarena.100
visualwebarena.102,False,classifieds,medium,hard,hard,string_match,102,test,visualwebarena.101
visualwebarena.103,False,classifieds,medium,medium,medium,url_match,103,test,visualwebarena.102
visualwebarena.104,False,classifieds,hard,hard,hard,program_html,104,test,visualwebarena.103
visualwebarena.105,False,classifieds,medium,hard,hard,url_match,105,train,visualwebarena.104
visualwebarena.106,False,classifieds,medium,medium,medium,string_match,106,train,visualwebarena.105
visualwebarena.107,False,classifieds,medium,hard,hard,string_match,107,train,visualwebarena.106
visualwebarena.108,False,classifieds,medium,medium,medium,string_match,108,test,visualwebarena.107
visualwebarena.109,False,classifieds,medium,medium,medium,string_match,109,train,visualwebarena.108
visualwebarena.110,False,classifieds,hard,hard,hard,string_match,110,train,visualwebarena.109
visualwebarena.111,False,classifieds,medium,hard,hard,string_match,111,train,visualwebarena.110
visualwebarena.112,False,classifieds,medium,hard,hard,url_match,112,test,visualwebarena.111
visualwebarena.113,False,classifieds,hard,hard,hard,url_match,113,test,visualwebarena.112
visualwebarena.114,False,classifieds,medium,medium,medium,url_match,114,train,visualwebarena.113
visualwebarena.115,False,classifieds,medium,medium,medium,url_match,115,test,visualwebarena.114
visualwebarena.116,False,classifieds,medium,medium,medium,url_match,116,train,visualwebarena.115
visualwebarena.117,False,classifieds,medium,medium,medium,url_match,117,train,visualwebarena.116
visualwebarena.118,False,classifieds,easy,medium,medium,string_match,118,test,visualwebarena.117
visualwebarena.119,False,classifieds,easy,medium,medium,string_match,119,test,visualwebarena.118
visualwebarena.120,False,classifieds,easy,medium,medium,string_match,120,test,visualwebarena.119
visualwebarena.121,False,classifieds,easy,medium,medium,url_match,121,train,visualwebarena.120
visualwebarena.122,False,classifieds,hard,medium,hard,url_match string_match,122,train,visualwebarena.121
visualwebarena.123,False,classifieds,easy,medium,medium,url_match,123,train,visualwebarena.122
visualwebarena.124,False,classifieds,easy,easy,easy,url_match,124,test,visualwebarena.123
visualwebarena.125,False,classifieds,easy,easy,easy,url_match,125,test,visualwebarena.124
visualwebarena.126,False,classifieds,medium,hard,hard,url_match,126,train,visualwebarena.125
visualwebarena.127,False,classifieds,medium,hard,hard,url_match,127,test,visualwebarena.126
visualwebarena.128,False,classifieds,easy,hard,medium,string_match,128,train,visualwebarena.127
visualwebarena.129,False,classifieds,easy,medium,easy,string_match,129,train,visualwebarena.128
visualwebarena.130,False,classifieds,medium,medium,medium,url_match,130,train,visualwebarena.129
visualwebarena.131,False,classifieds,hard,hard,hard,url_match,131,train,visualwebarena.130
visualwebarena.132,False,classifieds,easy,hard,medium,url_match,132,test,visualwebarena.131
visualwebarena.133,False,classifieds,hard,medium,hard,program_html,133,test,visualwebarena.132
visualwebarena.134,False,classifieds,easy,medium,medium,url_match,134,test,visualwebarena.133
visualwebarena.135,False,classifieds,easy,medium,medium,string_match,135,test,visualwebarena.134
visualwebarena.136,False,classifieds,hard,hard,hard,string_match,136,test,visualwebarena.135
visualwebarena.137,False,classifieds,hard,hard,hard,string_match,137,train,visualwebarena.136
visualwebarena.138,False,classifieds,hard,hard,hard,string_match,138,train,visualwebarena.137
visualwebarena.139,False,classifieds,hard,hard,hard,url_match,139,test,visualwebarena.138
visualwebarena.140,False,classifieds,medium,hard,hard,string_match,140,test,visualwebarena.139
visualwebarena.141,False,classifieds,hard,hard,hard,url_match,141,test,visualwebarena.140
visualwebarena.142,False,classifieds,hard,medium,hard,string_match,142,test,visualwebarena.141
visualwebarena.143,True,classifieds,hard,hard,hard,program_html,143,test,visualwebarena.142
visualwebarena.144,True,classifieds,hard,hard,hard,program_html,144,train,visualwebarena.143
visualwebarena.145,True,classifieds,hard,hard,hard,program_html,145,train,visualwebarena.144
visualwebarena.146,False,classifieds,easy,hard,medium,url_match,146,train,visualwebarena.145
visualwebarena.147,False,classifieds,easy,hard,hard,url_match,147,train,visualwebarena.146
visualwebarena.148,False,classifieds,easy,hard,medium,string_match,148,train,visualwebarena.147
visualwebarena.149,False,classifieds,easy,hard,medium,string_match,149,test,visualwebarena.148
visualwebarena.150,False,classifieds,easy,hard,medium,string_match,150,test,visualwebarena.149
visualwebarena.151,False,classifieds,easy,easy,easy,url_match,151,train,visualwebarena.150
visualwebarena.152,False,classifieds,easy,medium,medium,url_match,152,test,visualwebarena.151
visualwebarena.153,False,classifieds,easy,hard,medium,url_match,153,test,visualwebarena.152
visualwebarena.154,False,classifieds,medium,hard,hard,url_match,154,test,visualwebarena.153
visualwebarena.155,False,classifieds,medium,hard,hard,url_match,155,train,visualwebarena.154
visualwebarena.156,False,classifieds,medium,hard,hard,url_match,156,train,visualwebarena.155
visualwebarena.157,False,classifieds,medium,medium,medium,url_match,157,test,visualwebarena.156
visualwebarena.158,False,classifieds,medium,medium,medium,url_match,158,train,visualwebarena.157
visualwebarena.159,True,classifieds,hard,medium,hard,program_html,159,test,visualwebarena.158
visualwebarena.160,True,classifieds,hard,easy,hard,program_html,160,test,visualwebarena.159
visualwebarena.161,False,classifieds,hard,mediun,hard,string_match,161,test,visualwebarena.160
visualwebarena.162,False,classifieds,medium,medium,medium,url_match,162,test,visualwebarena.161
visualwebarena.163,False,classifieds,easy,hard,medium,string_match,163,test,visualwebarena.162
visualwebarena.164,False,classifieds,easy,easy,easy,string_match,164,train,visualwebarena.163
visualwebarena.165,False,classifieds,easy,easy,easy,url_match,165,test,visualwebarena.164
visualwebarena.166,False,classifieds,easy,easy,easy,url_match,166,train,visualwebarena.165
visualwebarena.167,False,classifieds,easy,easy,easy,string_match,167,train,visualwebarena.166
visualwebarena.168,False,classifieds,hard,medium,hard,url_match,168,train,visualwebarena.167
visualwebarena.169,False,classifieds,hard,easy,medium,url_match,169,train,visualwebarena.168
visualwebarena.170,False,classifieds,hard,hard,hard,url_match,170,test,visualwebarena.169
visualwebarena.171,False,classifieds,medium,easy,easy,url_match,171,train,visualwebarena.170
visualwebarena.172,False,classifieds,easy,easy,easy,url_match,172,test,visualwebarena.171
visualwebarena.173,False,classifieds,easy,medium,easy,string_match,173,test,visualwebarena.172
visualwebarena.174,False,classifieds,medium,hard,medium,string_match,174,train,visualwebarena.173
visualwebarena.175,False,classifieds,hard,medium,hard,url_match,175,train,visualwebarena.174
visualwebarena.176,False,classifieds,hard,medium,hard,url_match,176,test,visualwebarena.175
visualwebarena.177,False,classifieds,hard,easy,hard,url_match,177,test,visualwebarena.176
visualwebarena.178,False,classifieds,hard,medium,hard,string_match,178,test,visualwebarena.177
visualwebarena.179,False,classifieds,medium,hard,hard,url_match,179,train,visualwebarena.178
visualwebarena.180,False,classifieds,hard,hard,hard,program_html,180,train,visualwebarena.179
visualwebarena.181,False,classifieds,medium,medium,medium,url_match,181,train,visualwebarena.180
visualwebarena.182,False,classifieds,hard,hard,hard,url_match,182,train,visualwebarena.181
visualwebarena.183,False,classifieds,hard,medium,hard,url_match,183,test,visualwebarena.182
visualwebarena.184,False,classifieds,hard,hard,hard,url_match,184,train,visualwebarena.183
visualwebarena.185,False,classifieds,hard,hard,hard,url_match,185,test,visualwebarena.184
visualwebarena.186,False,classifieds,medium,medium,medium,string_match,186,train,visualwebarena.185
visualwebarena.187,False,classifieds,easy,hard,medium,url_match,187,train,visualwebarena.186
visualwebarena.188,False,classifieds,easy,medium,easy,url_match,188,train,visualwebarena.187
visualwebarena.189,False,classifieds,easy,hard,medium,string_match,189,test,visualwebarena.188
visualwebarena.190,False,classifieds,easy,hard,medium,url_match,190,train,visualwebarena.189
visualwebarena.191,False,classifieds,easy,medium,medium,string_match,191,train,visualwebarena.190
visualwebarena.192,False,classifieds,easy,hard,hard,string_match,192,train,visualwebarena.191
visualwebarena.193,False,classifieds,easy,medium,easy,url_match,193,test,visualwebarena.192
visualwebarena.194,False,classifieds,easy,hard,medium,string_match,194,test,visualwebarena.193
visualwebarena.195,False,classifieds,medium,hard,hard,string_match,195,train,visualwebarena.194
visualwebarena.196,False,classifieds,medium,hard,hard,string_match,196,train,visualwebarena.195
visualwebarena.197,False,classifieds,medium,hard,hard,url_match,197,train,visualwebarena.196
visualwebarena.198,False,classifieds,medium,hard,hard,url_match,198,train,visualwebarena.197
visualwebarena.199,False,classifieds,easy,medium,medium,string_match,199,test,visualwebarena.198
visualwebarena.200,False,classifieds,hard,hard,hard,url_match,200,train,visualwebarena.199
visualwebarena.201,False,classifieds,hard,hard,hard,url_match,201,train,visualwebarena.200
visualwebarena.202,False,classifieds,hard,hard,hard,url_match,202,train,visualwebarena.201
visualwebarena.203,True,classifieds,medium,hard,hard,program_html,203,test,visualwebarena.202
visualwebarena.204,False,classifieds,hard,hard,hard,url_match,204,train,visualwebarena.203
visualwebarena.205,True,classifieds,medium,hard,hard,program_html,205,test,visualwebarena.204
visualwebarena.206,False,classifieds,medium,medium,medium,url_match,206,test,visualwebarena.205
visualwebarena.207,False,classifieds,hard,hard,hard,url_match,207,test,visualwebarena.206
visualwebarena.208,True,classifieds,medium,medium,medium,program_html,208,train,visualwebarena.207
visualwebarena.209,False,classifieds,easy,hard,medium,string_match,209,train,visualwebarena.208
visualwebarena.210,False,classifieds,medium,medium,medium,url_match,210,train,visualwebarena.209
visualwebarena.211,False,classifieds,hard,hard,hard,url_match,211,train,visualwebarena.210
visualwebarena.212,False,classifieds,hard,hard,hard,url_match,212,test,visualwebarena.211
visualwebarena.213,True,classifieds,hard,hard,hard,program_html,213,test,visualwebarena.212
visualwebarena.214,False,classifieds,hard,hard,hard,url_match,214,train,visualwebarena.213
visualwebarena.215,False,classifieds,hard,hard,hard,url_match,215,test,visualwebarena.214
visualwebarena.216,False,classifieds,hard,hard,hard,url_match,216,test,visualwebarena.215
visualwebarena.217,True,classifieds,hard,hard,hard,program_html,217,train,visualwebarena.216
visualwebarena.218,False,classifieds,hard,hard,hard,url_match,218,test,visualwebarena.217
visualwebarena.219,False,classifieds,hard,hard,hard,url_match,219,train,visualwebarena.218
visualwebarena.220,False,classifieds,hard,hard,hard,string_match,220,test,visualwebarena.219
visualwebarena.221,False,classifieds,easy,easy,easy,string_match,221,train,visualwebarena.220
visualwebarena.222,False,classifieds,easy,hard,hard,string_match,222,train,visualwebarena.221
visualwebarena.223,True,classifieds,medium,hard,hard,program_html,223,test,visualwebarena.222
visualwebarena.224,False,classifieds,hard,hard,hard,url_match,224,train,visualwebarena.223
visualwebarena.225,False,classifieds,hard,hard,hard,url_match,225,test,visualwebarena.224
visualwebarena.226,False,classifieds,hard,hard,hard,url_match,226,test,visualwebarena.225
visualwebarena.227,False,classifieds,hard,hard,hard,url_match,227,train,visualwebarena.226
visualwebarena.228,False,classifieds,hard,hard,hard,program_html,228,train,visualwebarena.227
visualwebarena.229,False,classifieds,hard,hard,hard,program_html,229,train,visualwebarena.228
visualwebarena.230,False,classifieds,hard,hard,hard,url_match,230,test,visualwebarena.229
visualwebarena.231,False,classifieds,hard,hard,hard,url_match,231,test,visualwebarena.230
visualwebarena.232,False,classifieds,hard,hard,hard,url_match,232,test,visualwebarena.231
visualwebarena.233,False,classifieds,easy,easy,easy,string_match,233,test,visualwebarena.232
visualwebarena.234,False,reddit,easy,medium,easy,url_match,234,train,
visualwebarena.235,False,reddit,medium,easy,easy,url_match,235,train,visualwebarena.234
visualwebarena.236,False,reddit,medium,easy,medium,url_match,236,train,visualwebarena.235
visualwebarena.237,False,reddit,medium,easy,easy,string_match,237,train,visualwebarena.236
visualwebarena.238,False,reddit,medium,easy,easy,string_match,238,train,visualwebarena.237
visualwebarena.239,False,reddit,medium,medium,medium,string_match,239,test,visualwebarena.238
visualwebarena.240,False,reddit,hard,medium,hard,string_match,240,train,visualwebarena.239
visualwebarena.241,False,reddit,hard,easy,hard,string_match,241,train,visualwebarena.240
visualwebarena.242,False,reddit,hard,easy,hard,url_match,242,train,visualwebarena.241
visualwebarena.243,False,reddit,medium,easy,medium,url_match,243,train,visualwebarena.242
visualwebarena.244,False,reddit,hard,easy,hard,url_match,244,test,visualwebarena.243
visualwebarena.245,False,reddit,hard,medium,hard,url_match,245,test,visualwebarena.244
visualwebarena.246,False,reddit,hard,hard,hard,url_match,246,train,visualwebarena.245
visualwebarena.247,False,reddit,hard,hard,hard,url_match,247,test,visualwebarena.246
visualwebarena.248,False,reddit,medium,easy,medium,page_image_query,248,test,visualwebarena.247
visualwebarena.249,False,reddit,medium,easy,medium,page_image_query,249,test,visualwebarena.248
visualwebarena.250,False,reddit,hard,easy,hard,string_match,250,train,visualwebarena.249
visualwebarena.251,False,reddit,medium,easy,medium,url_match,251,test,visualwebarena.250
visualwebarena.252,False,reddit,medium,easy,medium,url_match,252,train,visualwebarena.251
visualwebarena.253,False,reddit,hard,medium,hard,program_html,253,train,visualwebarena.252
visualwebarena.254,False,reddit,hard,medium,hard,program_html,254,test,visualwebarena.253
visualwebarena.255,False,reddit,hard,medium,hard,program_html,255,train,visualwebarena.254
visualwebarena.256,False,reddit,hard,medium,hard,string_match,256,test,visualwebarena.255
visualwebarena.257,False,reddit,hard,medium,hard,string_match,257,test,visualwebarena.256
visualwebarena.258,False,reddit,hard,medium,hard,string_match,258,train,visualwebarena.257
visualwebarena.259,False,reddit,hard,medium,hard,string_match,259,train,visualwebarena.258
visualwebarena.260,False,reddit,hard,medium,hard,string_match,260,train,visualwebarena.259
visualwebarena.261,False,reddit,hard,easy,hard,url_match page_image_query,261,train,visualwebarena.260
visualwebarena.262,False,reddit,hard,easy,hard,program_html page_image_query,262,test,visualwebarena.261
visualwebarena.263,False,reddit,hard,easy,hard,program_html page_image_query,263,train,visualwebarena.262
visualwebarena.264,False,reddit,hard,medium,hard,url_match,264,train,visualwebarena.263
visualwebarena.265,False,reddit,hard,medium,hard,string_match,265,train,visualwebarena.264
visualwebarena.266,False,reddit,hard,medium,hard,url_match,266,train,visualwebarena.265
visualwebarena.267,False,reddit,hard,hard,hard,url_match,267,train,visualwebarena.266
visualwebarena.268,False,reddit,medium,medium,medium,url_match,268,train,visualwebarena.267
visualwebarena.269,False,reddit,medium,medium,medium,url_match,269,train,visualwebarena.268
visualwebarena.270,False,reddit,medium,medium,medium,url_match,270,train,visualwebarena.269
visualwebarena.271,False,reddit,medium,medium,medium,url_match,271,train,visualwebarena.270
visualwebarena.272,False,reddit,medium,hard,hard,url_match,272,train,visualwebarena.271
visualwebarena.273,False,reddit,medium,easy,medium,string_match,273,test,visualwebarena.272
visualwebarena.274,False,reddit,medium,medium,medium,url_match,274,test,visualwebarena.273
visualwebarena.275,False,reddit,medium,medium,medium,url_match,275,train,visualwebarena.274
visualwebarena.276,False,reddit,medium,medium,medium,url_match,276,train,visualwebarena.275
visualwebarena.277,False,shopping reddit,hard,easy,hard,url_match program_html,277,test,visualwebarena.37 visualwebarena.276
visualwebarena.278,False,shopping reddit,hard,easy,hard,url_match program_html page_image_query,278,test,visualwebarena.277
visualwebarena.279,False,wikipedia reddit,hard,hard,hard,string_match,279,test,visualwebarena.278
visualwebarena.280,False,wikipedia reddit,hard,medium,hard,string_match,280,test,visualwebarena.279
visualwebarena.281,False,wikipedia reddit,hard,medium,hard,string_match,281,test,visualwebarena.280
visualwebarena.282,False,wikipedia reddit,hard,medium,hard,string_match,282,train,visualwebarena.281
visualwebarena.283,False,wikipedia reddit,hard,hard,hard,string_match,283,test,visualwebarena.282
visualwebarena.284,False,wikipedia reddit,medium,medium,medium,string_match,284,train,visualwebarena.283
visualwebarena.285,False,wikipedia reddit,medium,medium,medium,string_match,285,train,visualwebarena.284
visualwebarena.286,False,wikipedia reddit,medium,medium,medium,string_match,286,test,visualwebarena.285
visualwebarena.287,False,wikipedia reddit,medium,hard,hard,string_match,287,train,visualwebarena.286
visualwebarena.288,False,wikipedia reddit,medium,hard,hard,string_match,288,test,visualwebarena.287
visualwebarena.289,False,wikipedia reddit,medium,hard,hard,string_match,289,train,visualwebarena.288
visualwebarena.290,False,wikipedia reddit,medium,medium,medium,string_match,290,train,visualwebarena.289
visualwebarena.291,False,wikipedia reddit,medium,hard,hard,string_match,291,train,visualwebarena.290
visualwebarena.292,False,wikipedia reddit,medium,medium,medium,string_match,292,test,visualwebarena.291
visualwebarena.293,False,wikipedia reddit,medium,hard,hard,string_match,293,test,visualwebarena.292
visualwebarena.294,False,wikipedia reddit,medium,hard,hard,string_match,294,test,visualwebarena.293
visualwebarena.295,False,wikipedia reddit,medium,hard,hard,string_match,295,test,visualwebarena.294
visualwebarena.296,False,wikipedia reddit,medium,hard,hard,string_match,296,test,visualwebarena.295
visualwebarena.297,False,wikipedia reddit,medium,hard,hard,string_match,297,test,visualwebarena.296
visualwebarena.298,False,reddit,easy,hard,medium,string_match,298,train,visualwebarena.297
visualwebarena.299,False,wikipedia reddit,medium,hard,hard,string_match,299,test,visualwebarena.298
visualwebarena.300,False,wikipedia reddit,medium,hard,medium,string_match,300,test,visualwebarena.299
visualwebarena.301,False,wikipedia reddit,medium,medium,medium,string_match,301,train,visualwebarena.300
visualwebarena.302,False,wikipedia reddit,medium,medium,medium,string_match,302,test,visualwebarena.301
visualwebarena.303,False,reddit,easy,medium,medium,program_html,303,test,visualwebarena.302
visualwebarena.304,False,reddit,hard,medium,hard,string_match,304,train,visualwebarena.303
visualwebarena.305,False,reddit,hard,medium,hard,program_html,305,train,visualwebarena.304
visualwebarena.306,False,reddit,easy,medium,medium,program_html,306,train,visualwebarena.305
visualwebarena.307,False,reddit,hard,medium,hard,program_html page_image_query url_match,307,test,visualwebarena.306
visualwebarena.308,False,reddit,hard,hard,hard,program_html,308,train,visualwebarena.307
visualwebarena.309,False,reddit shopping,hard,hard,hard,program_html,309,train,visualwebarena.308 visualwebarena.278
visualwebarena.310,False,reddit,easy,medium,medium,program_html,310,train,visualwebarena.309
visualwebarena.311,False,reddit,easy,easy,easy,page_image_query,311,test,visualwebarena.310
visualwebarena.312,False,reddit,hard,easy,medium,page_image_query,312,test,visualwebarena.311
visualwebarena.313,False,reddit,medium,easy,medium,page_image_query,313,test,visualwebarena.312
visualwebarena.314,False,reddit,easy,medium,medium,program_html,314,test,visualwebarena.313
visualwebarena.315,False,reddit,easy,medium,medium,program_html,315,test,visualwebarena.314
visualwebarena.316,False,reddit,easy,medium,medium,program_html,316,train,visualwebarena.315
visualwebarena.317,False,reddit,easy,medium,medium,program_html,317,test,visualwebarena.316
visualwebarena.318,False,reddit,medium,medium,medium,program_html,318,test,visualwebarena.317
visualwebarena.319,False,reddit wikipedia,hard,hard,hard,program_html,319,train,visualwebarena.318
visualwebarena.320,False,reddit,easy,medium,easy,string_match,320,train,visualwebarena.319
visualwebarena.321,False,reddit,easy,medium,medium,string_match,321,test,visualwebarena.320
visualwebarena.322,False,reddit,medium,medium,medium,program_html,322,test,visualwebarena.321
visualwebarena.323,False,reddit,easy,easy,easy,program_html,323,test,visualwebarena.322
visualwebarena.324,False,reddit,easy,easy,easy,program_html,324,train,visualwebarena.323
visualwebarena.325,False,reddit,easy,easy,easy,program_html,325,test,visualwebarena.324
visualwebarena.326,False,reddit,easy,easy,easy,string_match,326,train,visualwebarena.325
visualwebarena.327,False,reddit,easy,easy,easy,string_match,327,test,visualwebarena.326
visualwebarena.328,False,reddit,easy,easy,easy,string_match,328,test,visualwebarena.327
visualwebarena.329,False,reddit,easy,easy,easy,string_match,329,train,visualwebarena.328
visualwebarena.330,False,reddit,easy,easy,easy,string_match,330,train,visualwebarena.329
visualwebarena.331,False,reddit,easy,easy,easy,string_match,331,test,visualwebarena.330
visualwebarena.332,False,reddit,easy,easy,easy,page_image_query,332,test,visualwebarena.331
visualwebarena.333,False,reddit,easy,easy,easy,page_image_query,333,train,visualwebarena.332
visualwebarena.334,False,reddit,easy,easy,easy,page_image_query,334,test,visualwebarena.333
visualwebarena.335,False,reddit,easy,easy,easy,page_image_query,335,train,visualwebarena.334
visualwebarena.336,False,reddit,easy,medium,easy,program_html,336,test,visualwebarena.335
visualwebarena.337,False,reddit,easy,easy,easy,program_html,337,train,visualwebarena.336
visualwebarena.338,False,reddit,easy,easy,easy,program_html,338,train,visualwebarena.337
visualwebarena.339,False,reddit,easy,easy,easy,program_html,339,test,visualwebarena.338
visualwebarena.340,False,reddit,medium,easy,easy,program_html,340,train,visualwebarena.339
visualwebarena.341,False,reddit,easy,easy,easy,program_html,341,train,visualwebarena.340
visualwebarena.342,False,reddit,medium,easy,easy,program_html,342,train,visualwebarena.341
visualwebarena.343,False,reddit,medium,easy,easy,program_html,343,train,visualwebarena.342
visualwebarena.344,False,reddit,medium,easy,easy,program_html,344,train,visualwebarena.343
visualwebarena.345,False,reddit,hard,hard,hard,page_image_query,345,test,visualwebarena.344
visualwebarena.346,False,reddit,hard,hard,hard,page_image_query,346,train,visualwebarena.345
visualwebarena.347,False,reddit,hard,hard,hard,page_image_query,347,train,visualwebarena.346
visualwebarena.348,False,reddit,hard,easy,hard,url_match string_match,348,test,visualwebarena.347
visualwebarena.349,False,reddit,hard,medium,hard,url_match string_match,349,test,visualwebarena.348
visualwebarena.350,False,reddit,hard,easy,hard,url_match string_match,350,test,visualwebarena.349
visualwebarena.351,False,wikipedia reddit,medium,medium,medium,string_match,351,test,visualwebarena.350
visualwebarena.352,False,wikipedia reddit,medium,medium,medium,string_match,352,test,visualwebarena.351
visualwebarena.353,False,wikipedia reddit,medium,easy,easy,string_match,353,train,visualwebarena.352
visualwebarena.354,False,reddit,easy,easy,easy,string_match,354,test,visualwebarena.353
visualwebarena.355,False,reddit,hard,easy,hard,url_match,355,train,visualwebarena.354
visualwebarena.356,False,reddit,hard,easy,hard,url_match,356,train,visualwebarena.355
visualwebarena.357,False,reddit,medium,easy,medium,string_match url_match,357,train,visualwebarena.356
visualwebarena.358,False,reddit,medium,easy,medium,string_match,358,test,visualwebarena.357
visualwebarena.359,False,reddit,medium,easy,medium,string_match url_match,359,test,visualwebarena.358
visualwebarena.360,False,reddit,hard,easy,hard,url_match,360,test,visualwebarena.359
visualwebarena.361,False,reddit,hard,easy,hard,url_match,361,train,visualwebarena.360
visualwebarena.362,False,reddit,hard,easy,hard,url_match,362,train,visualwebarena.361
visualwebarena.363,False,reddit,easy,easy,easy,program_html,363,train,visualwebarena.362
visualwebarena.364,False,reddit,easy,easy,easy,program_html,364,train,visualwebarena.363
visualwebarena.365,False,reddit,easy,easy,easy,program_html,365,train,visualwebarena.364
visualwebarena.366,False,reddit,medium,easy,medium,string_match,366,test,visualwebarena.365
visualwebarena.367,False,reddit,medium,easy,medium,string_match,367,test,visualwebarena.366
visualwebarena.368,False,reddit,medium,easy,medium,string_match,368,test,visualwebarena.367
visualwebarena.369,False,reddit,hard,easy,hard,url_match,369,train,visualwebarena.368
visualwebarena.370,False,reddit,hard,easy,hard,url_match,370,train,visualwebarena.369
visualwebarena.371,False,reddit,hard,easy,hard,url_match,371,train,visualwebarena.370
visualwebarena.372,False,reddit,easy,medium,easy,program_html,372,test,visualwebarena.371
visualwebarena.373,False,reddit,medium,easy,medium,program_html,373,test,visualwebarena.372
visualwebarena.374,False,reddit,medium,easy,medium,program_html,374,test,visualwebarena.373
visualwebarena.375,False,reddit,easy,easy,easy,program_html,375,train,visualwebarena.374
visualwebarena.376,False,reddit,easy,easy,easy,program_html,376,train,visualwebarena.375
visualwebarena.377,False,reddit,easy,easy,easy,program_html,377,test,visualwebarena.376
visualwebarena.378,False,reddit,easy,medium,easy,program_html,378,test,visualwebarena.377
visualwebarena.379,False,reddit,easy,medium,easy,program_html,379,test,visualwebarena.378
visualwebarena.380,False,reddit,easy,medium,easy,program_html,380,test,visualwebarena.379
visualwebarena.381,False,reddit,easy,easy,easy,program_html,381,train,visualwebarena.380
visualwebarena.382,False,reddit,easy,easy,easy,program_html,382,train,visualwebarena.381
visualwebarena.383,False,reddit,easy,easy,easy,program_html,383,train,visualwebarena.382
visualwebarena.384,False,reddit,easy,easy,easy,program_html,384,test,visualwebarena.383
visualwebarena.385,False,reddit,easy,easy,easy,program_html,385,test,visualwebarena.384
visualwebarena.386,False,reddit,easy,easy,easy,program_html,386,train,visualwebarena.385
visualwebarena.387,False,reddit,hard,medium,hard,url_match,387,test,visualwebarena.386
visualwebarena.388,False,reddit,easy,medium,medium,string_match url_match,388,train,visualwebarena.387
visualwebarena.389,False,reddit,hard,medium,hard,url_match,389,test,visualwebarena.388
visualwebarena.390,False,reddit,hard,medium,medium,string_match,390,test,visualwebarena.389
visualwebarena.391,False,reddit,easy,hard,medium,url_match,391,test,visualwebarena.390
visualwebarena.392,True,reddit,hard,easy,medium,program_html,392,test,visualwebarena.391
visualwebarena.393,True,reddit,hard,easy,medium,program_html,393,train,visualwebarena.392
visualwebarena.394,True,reddit,medium,hard,medium,program_html,394,train,visualwebarena.393
visualwebarena.395,False,reddit,hard,easy,medium,url_match,395,test,visualwebarena.394
visualwebarena.396,False,reddit,medium,medium,medium,string_match,396,train,visualwebarena.395
visualwebarena.397,False,reddit wikipedia,medium,medium,medium,string_match,397,train,visualwebarena.396
visualwebarena.398,False,reddit wikipedia,medium,hard,medium,string_match,398,test,visualwebarena.397
visualwebarena.399,False,reddit,hard,medium,medium,program_html,399,train,visualwebarena.398
visualwebarena.400,False,reddit,hard,easy,medium,program_html,400,test,visualwebarena.399
visualwebarena.401,False,reddit,medium,easy,medium,page_image_query,401,train,visualwebarena.400
visualwebarena.402,True,reddit,medium,easy,medium,program_html page_image_query,402,train,visualwebarena.401
visualwebarena.403,False,reddit,hard,easy,medium,program_html page_image_query,403,test,visualwebarena.402
visualwebarena.404,True,reddit,medium,easy,medium,program_html,404,test,visualwebarena.403
visualwebarena.405,True,reddit,medium,medium,medium,program_html,405,train,visualwebarena.404
visualwebarena.406,True,reddit,medium,hard,medium,program_html,406,train,visualwebarena.405
visualwebarena.407,True,reddit,medium,medium,medium,program_html,407,test,visualwebarena.406
visualwebarena.408,True,reddit,medium,hard,medium,program_html,408,test,visualwebarena.407
visualwebarena.409,False,reddit,hard,medium,medium,string_match,409,train,visualwebarena.408
visualwebarena.410,True,reddit,medium,hard,hard,program_html,410,train,visualwebarena.409
visualwebarena.411,True,reddit,medium,hard,medium,program_html,411,test,visualwebarena.410
visualwebarena.412,True,reddit,medium,medium,medium,program_html,412,train,visualwebarena.411
visualwebarena.413,False,reddit,medium,medium,medium,url_match,413,train,visualwebarena.412
visualwebarena.414,False,reddit,easy,hard,medium,url_match,414,test,visualwebarena.413
visualwebarena.415,False,reddit,hard,hard,hard,program_html,415,test,visualwebarena.414
visualwebarena.416,True,reddit,hard,hard,hard,string_match,416,test,visualwebarena.415
visualwebarena.417,False,reddit shopping,hard,hard,hard,program_html page_image_query,417,train,visualwebarena.416 visualwebarena.309
visualwebarena.418,False,reddit shopping,hard,easy,medium,program_html page_image_query,418,train,visualwebarena.417
visualwebarena.419,False,reddit shopping wikipedia,hard,medium,hard,program_html page_image_query,419,test,visualwebarena.418
visualwebarena.420,False,reddit shopping wikipedia,hard,medium,hard,program_html page_image_query,420,test,visualwebarena.419
visualwebarena.421,False,reddit shopping wikipedia,hard,medium,hard,program_html page_image_query,421,train,visualwebarena.420
visualwebarena.422,True,reddit,easy,easy,easy,program_html,422,test,visualwebarena.421
visualwebarena.423,True,reddit,easy,easy,easy,program_html,423,test,visualwebarena.422
visualwebarena.424,True,reddit,medium,easy,easy,program_html,424,train,visualwebarena.423
visualwebarena.425,True,reddit,medium,hard,medium,string_match,425,train,visualwebarena.424
visualwebarena.426,True,reddit,medium,medium,medium,string_match,426,test,visualwebarena.425
visualwebarena.427,False,reddit,medium,easy,medium,program_html,427,train,visualwebarena.426
visualwebarena.428,False,reddit,medium,hard,medium,program_html,428,train,visualwebarena.427
visualwebarena.429,False,reddit,medium,hard,medium,program_html,429,test,visualwebarena.428
visualwebarena.430,False,reddit,easy,easy,easy,url_match,430,test,visualwebarena.429
visualwebarena.431,False,reddit,medium,easy,medium,url_match,431,train,visualwebarena.430
visualwebarena.432,False,reddit,medium,medium,medium,program_html,432,train,visualwebarena.431
visualwebarena.433,False,reddit,medium,hard,hard,program_html,433,test,visualwebarena.432
visualwebarena.434,False,reddit,easy,easy,easy,url_match,434,test,visualwebarena.433
visualwebarena.435,False,reddit,easy,easy,easy,url_match,435,test,visualwebarena.434
visualwebarena.436,False,reddit,hard,hard,hard,program_html,436,test,visualwebarena.435
visualwebarena.437,False,reddit,hard,hard,hard,program_html,437,test,visualwebarena.436
visualwebarena.438,False,reddit,easy,easy,easy,url_match,438,train,visualwebarena.437
visualwebarena.439,False,reddit,easy,medium,easy,string_match,439,train,visualwebarena.438
visualwebarena.440,False,reddit,easy,easy,easy,string_match,440,test,visualwebarena.439
visualwebarena.441,True,reddit shopping,hard,easy,hard,program_html page_image_query,441,train,visualwebarena.440 visualwebarena.421
visualwebarena.442,True,reddit shopping,hard,medium,hard,program_html page_image_query,442,test,visualwebarena.441
visualwebarena.443,True,reddit shopping,hard,medium,hard,program_html page_image_query,443,train,visualwebarena.442
visualwebarena.444,False,shopping,medium,easy,medium,program_html,444,train,visualwebarena.443
visualwebarena.445,False,shopping,medium,easy,medium,program_html,445,train,visualwebarena.444
visualwebarena.446,False,shopping,medium,easy,medium,program_html,446,test,visualwebarena.445
visualwebarena.447,False,shopping,medium,easy,medium,url_match,447,train,visualwebarena.446
visualwebarena.448,False,shopping,medium,easy,medium,url_match,448,test,visualwebarena.447
visualwebarena.449,False,shopping,medium,easy,medium,url_match,449,train,visualwebarena.448
visualwebarena.450,False,shopping,hard,easy,hard,string_match,450,test,visualwebarena.449
visualwebarena.451,False,shopping,hard,medium,hard,string_match,451,test,visualwebarena.450
visualwebarena.452,False,shopping,easy,easy,easy,string_match,452,test,visualwebarena.451
visualwebarena.453,False,shopping,medium,easy,medium,url_match,453,test,visualwebarena.452
visualwebarena.454,False,shopping,medium,easy,medium,url_match,454,train,visualwebarena.453
visualwebarena.455,False,shopping,medium,easy,medium,url_match,455,test,visualwebarena.454
visualwebarena.456,False,shopping,medium,easy,medium,url_match,456,train,visualwebarena.455
visualwebarena.457,False,shopping,easy,easy,easy,string_match,457,test,visualwebarena.456
visualwebarena.458,False,shopping,easy,easy,easy,string_match,458,test,visualwebarena.457
visualwebarena.459,False,shopping,easy,easy,easy,string_match,459,test,visualwebarena.458
visualwebarena.460,False,shopping,easy,easy,easy,string_match,460,train,visualwebarena.459
visualwebarena.461,False,shopping,easy,easy,easy,string_match,461,test,visualwebarena.460
visualwebarena.462,False,shopping,medium,easy,medium,string_match,462,train,visualwebarena.461
visualwebarena.463,False,shopping,medium,easy,medium,string_match,463,test,visualwebarena.462
visualwebarena.464,False,shopping,medium,easy,medium,string_match,464,test,visualwebarena.463
visualwebarena.465,False,shopping,medium,easy,medium,string_match,465,train,visualwebarena.464
visualwebarena.466,False,shopping,medium,easy,medium,string_match,466,test,visualwebarena.465
visualwebarena.467,False,shopping,medium,easy,medium,string_match,467,train,visualwebarena.466
visualwebarena.468,False,shopping,easy,easy,easy,url_match,468,test,visualwebarena.467
visualwebarena.469,False,shopping,easy,easy,easy,url_match,469,test,visualwebarena.468
visualwebarena.470,False,shopping,easy,easy,easy,url_match,470,train,visualwebarena.469
visualwebarena.471,False,shopping,easy,easy,easy,url_match,471,train,visualwebarena.470
visualwebarena.472,False,shopping,easy,easy,easy,url_match,472,test,visualwebarena.471
visualwebarena.473,False,shopping,easy,easy,easy,url_match,473,train,visualwebarena.472
visualwebarena.474,False,shopping,easy,medium,medium,url_match,474,train,visualwebarena.473
visualwebarena.475,False,shopping,medium,easy,medium,program_html,475,test,visualwebarena.474
visualwebarena.476,False,shopping,medium,easy,medium,program_html,476,test,visualwebarena.475
visualwebarena.477,False,shopping,medium,easy,medium,string_match,477,test,visualwebarena.476
visualwebarena.478,False,shopping,medium,easy,medium,string_match,478,train,visualwebarena.477
visualwebarena.479,False,shopping,medium,easy,medium,string_match,479,train,visualwebarena.478
visualwebarena.480,False,shopping,easy,easy,easy,program_html,480,test,visualwebarena.479
visualwebarena.481,False,shopping,easy,easy,easy,program_html,481,train,visualwebarena.480
visualwebarena.482,False,shopping,easy,easy,easy,program_html,482,test,visualwebarena.481
visualwebarena.483,False,shopping,easy,easy,easy,program_html,483,train,visualwebarena.482
visualwebarena.484,False,shopping,medium,medium,medium,string_match,484,train,visualwebarena.483
visualwebarena.485,False,shopping,medium,easy,medium,string_match,485,test,visualwebarena.484
visualwebarena.486,False,shopping,medium,easy,medium,string_match,486,test,visualwebarena.485
visualwebarena.487,False,shopping,medium,medium,medium,url_match,487,train,visualwebarena.486
visualwebarena.488,False,shopping,medium,easy,medium,url_match,488,train,visualwebarena.487
visualwebarena.489,False,shopping,medium,medium,medium,url_match,489,train,visualwebarena.488
visualwebarena.490,False,shopping,easy,easy,easy,program_html,490,test,visualwebarena.489
visualwebarena.491,False,shopping,easy,easy,easy,program_html,491,test,visualwebarena.490
visualwebarena.492,False,shopping,easy,easy,easy,program_html,492,train,visualwebarena.491
visualwebarena.493,False,shopping,easy,medium,easy,program_html,493,test,visualwebarena.492
visualwebarena.494,False,shopping,easy,easy,easy,program_html,494,train,visualwebarena.493
visualwebarena.495,False,shopping,easy,medium,medium,program_html,495,train,visualwebarena.494
visualwebarena.496,False,shopping,easy,easy,easy,program_html,496,test,visualwebarena.495
visualwebarena.497,False,shopping,easy,easy,easy,program_html,497,test,visualwebarena.496
visualwebarena.498,False,shopping,easy,medium,medium,program_html,498,train,visualwebarena.497
visualwebarena.499,False,shopping,easy,easy,easy,program_html,499,test,visualwebarena.498
visualwebarena.500,False,shopping,easy,easy,easy,program_html,500,test,visualwebarena.499
visualwebarena.501,False,shopping,easy,hard,hard,program_html,501,train,visualwebarena.500
visualwebarena.502,False,shopping,easy,easy,easy,program_html,502,test,visualwebarena.501
visualwebarena.503,False,shopping,easy,easy,easy,string_match,503,test,visualwebarena.502
visualwebarena.504,False,shopping,easy,easy,easy,string_match,504,train,visualwebarena.503
visualwebarena.505,False,shopping,easy,easy,easy,string_match,505,test,visualwebarena.504
visualwebarena.506,False,shopping,easy,easy,easy,string_match,506,train,visualwebarena.505
visualwebarena.507,False,shopping,easy,easy,easy,string_match,507,test,visualwebarena.506
visualwebarena.508,False,shopping,easy,easy,easy,string_match,508,test,visualwebarena.507
visualwebarena.509,False,shopping,easy,easy,easy,string_match,509,train,visualwebarena.508
visualwebarena.510,False,shopping,medium,easy,medium,string_match,510,test,visualwebarena.509
visualwebarena.511,False,shopping,easy,easy,easy,string_match,511,test,visualwebarena.510
visualwebarena.512,False,shopping,easy,easy,easy,string_match,512,test,visualwebarena.511
visualwebarena.513,False,shopping,easy,easy,easy,string_match,513,test,visualwebarena.512
visualwebarena.514,False,shopping,easy,easy,easy,string_match,514,train,visualwebarena.513
visualwebarena.515,False,shopping,easy,easy,easy,string_match,515,train,visualwebarena.514
visualwebarena.516,False,shopping,easy,easy,easy,program_html,516,test,visualwebarena.515
visualwebarena.517,False,shopping,easy,easy,easy,program_html,517,train,visualwebarena.516
visualwebarena.518,False,shopping,easy,easy,easy,program_html,518,test,visualwebarena.517
visualwebarena.519,False,shopping,easy,easy,easy,program_html,519,train,visualwebarena.518
visualwebarena.520,False,shopping,easy,easy,easy,program_html,520,test,visualwebarena.519
visualwebarena.521,False,shopping,easy,easy,easy,program_html,521,train,visualwebarena.520
visualwebarena.522,False,shopping,easy,easy,easy,program_html,522,test,visualwebarena.521
visualwebarena.523,False,shopping,easy,easy,easy,string_match,523,train,visualwebarena.522
visualwebarena.524,False,shopping,easy,easy,easy,string_match,524,train,visualwebarena.523
visualwebarena.525,False,shopping,easy,easy,easy,string_match,525,test,visualwebarena.524
visualwebarena.526,False,shopping,easy,medium,medium,program_html,526,train,visualwebarena.525
visualwebarena.527,False,shopping,easy,medium,medium,program_html,527,test,visualwebarena.526
visualwebarena.528,False,shopping,easy,medium,medium,program_html,528,test,visualwebarena.527
visualwebarena.529,False,shopping,medium,medium,medium,program_html,529,test,visualwebarena.528
visualwebarena.530,False,shopping,hard,easy,hard,program_html,530,test,visualwebarena.529
visualwebarena.531,False,shopping,hard,easy,hard,program_html,531,train,visualwebarena.530
visualwebarena.532,False,shopping,hard,hard,hard,program_html,532,train,visualwebarena.531
visualwebarena.533,False,shopping,hard,medium,hard,program_html,533,test,visualwebarena.532
visualwebarena.534,False,shopping,hard,medium,medium,string_match,534,train,visualwebarena.533
visualwebarena.535,False,shopping,medium,medium,medium,string_match,535,test,visualwebarena.534
visualwebarena.536,False,shopping,medium,medium,medium,string_match,536,train,visualwebarena.535
visualwebarena.537,False,shopping,medium,medium,medium,program_html,537,train,visualwebarena.536
visualwebarena.538,False,shopping,hard,hard,hard,program_html,538,train,visualwebarena.537
visualwebarena.539,False,shopping,hard,medium,hard,program_html,539,train,visualwebarena.538
visualwebarena.540,False,shopping,medium,easy,medium,program_html,540,train,visualwebarena.539
visualwebarena.541,False,shopping,medium,easy,medium,program_html,541,test,visualwebarena.540
visualwebarena.542,False,shopping,medium,easy,medium,program_html,542,train,visualwebarena.541
visualwebarena.543,False,shopping,medium,medium,medium,program_html,543,train,visualwebarena.542
visualwebarena.544,False,shopping,medium,medium,medium,program_html,544,test,visualwebarena.543
visualwebarena.545,False,shopping,medium,easy,medium,program_html,545,test,visualwebarena.544
visualwebarena.546,False,shopping,medium,easy,medium,program_html,546,train,visualwebarena.545
visualwebarena.547,False,shopping,medium,medium,medium,program_html,547,test,visualwebarena.546
visualwebarena.548,False,shopping,easy,medium,medium,program_html,548,train,visualwebarena.547
visualwebarena.549,False,shopping,easy,medium,medium,program_html,549,test,visualwebarena.548
visualwebarena.550,False,shopping,medium,medium,medium,program_html,550,train,visualwebarena.549
visualwebarena.551,False,shopping,hard,hard,hard,program_html,551,test,visualwebarena.550
visualwebarena.552,False,shopping,easy,easy,easy,page_image_query,552,train,visualwebarena.551
visualwebarena.553,False,shopping,medium,easy,medium,program_html,553,train,visualwebarena.552
visualwebarena.554,False,shopping,hard,hard,hard,program_html,554,train,visualwebarena.553
visualwebarena.555,False,shopping,hard,hard,hard,program_html,555,train,visualwebarena.554
visualwebarena.556,False,shopping,hard,hard,hard,program_html,556,train,visualwebarena.555
visualwebarena.557,False,shopping,hard,hard,hard,program_html,557,test,visualwebarena.556
visualwebarena.558,False,shopping,hard,hard,hard,program_html,558,test,visualwebarena.557
visualwebarena.559,False,shopping,hard,hard,hard,program_html,559,test,visualwebarena.558
visualwebarena.560,False,shopping,hard,hard,hard,program_html,560,train,visualwebarena.559
visualwebarena.561,False,shopping,hard,hard,hard,program_html,561,test,visualwebarena.560
visualwebarena.562,False,shopping,hard,hard,hard,program_html,562,train,visualwebarena.561
visualwebarena.563,False,shopping,hard,hard,hard,program_html,563,train,visualwebarena.562
visualwebarena.564,False,shopping,hard,hard,hard,program_html,564,test,visualwebarena.563
visualwebarena.565,False,shopping,hard,medium,hard,string_match,565,train,visualwebarena.564
visualwebarena.566,False,shopping,hard,medium,hard,string_match,566,train,visualwebarena.565
visualwebarena.567,False,shopping,hard,medium,hard,string_match,567,train,visualwebarena.566
visualwebarena.568,False,shopping,hard,medium,hard,string_match,568,test,visualwebarena.567
visualwebarena.569,False,shopping,medium,hard,hard,string_match,569,test,visualwebarena.568
visualwebarena.570,False,shopping,medium,hard,hard,string_match,570,test,visualwebarena.569
visualwebarena.571,False,shopping,easy,hard,hard,string_match,571,test,visualwebarena.570
visualwebarena.572,False,shopping,easy,hard,hard,string_match,572,test,visualwebarena.571
visualwebarena.573,False,shopping,easy,hard,hard,string_match,573,test,visualwebarena.572
visualwebarena.574,False,shopping,easy,medium,easy,string_match,574,train,visualwebarena.573
visualwebarena.575,False,shopping,easy,medium,easy,string_match,575,train,visualwebarena.574
visualwebarena.576,False,shopping,easy,medium,easy,string_match,576,train,visualwebarena.575
visualwebarena.577,False,shopping,easy,medium,easy,string_match,577,train,visualwebarena.576
visualwebarena.578,False,shopping,easy,medium,easy,string_match,578,test,visualwebarena.577
visualwebarena.579,False,shopping,easy,medium,easy,string_match,579,train,visualwebarena.578
visualwebarena.580,False,shopping,easy,medium,easy,string_match,580,test,visualwebarena.579
visualwebarena.581,False,shopping,hard,hard,hard,string_match,581,test,visualwebarena.580
visualwebarena.582,False,shopping,medium,medium,medium,string_match,582,test,visualwebarena.581
visualwebarena.583,False,shopping,medium,hard,hard,string_match,583,test,visualwebarena.582
visualwebarena.584,False,shopping,medium,medium,medium,string_match,584,train,visualwebarena.583
visualwebarena.585,False,shopping,easy,medium,medium,string_match,585,test,visualwebarena.584
visualwebarena.586,False,shopping,easy,medium,medium,string_match,586,test,visualwebarena.585
visualwebarena.587,False,shopping,easy,hard,hard,string_match,587,train,visualwebarena.586
visualwebarena.588,False,shopping,easy,medium,medium,string_match,588,train,visualwebarena.587
visualwebarena.589,False,shopping,easy,medium,easy,string_match,589,train,visualwebarena.588
visualwebarena.590,False,shopping,easy,medium,easy,string_match,590,test,visualwebarena.589
visualwebarena.591,False,shopping,easy,hard,hard,string_match,591,train,visualwebarena.590
visualwebarena.592,False,shopping,easy,easy,easy,string_match,592,test,visualwebarena.591
visualwebarena.593,False,shopping,easy,easy,easy,string_match,593,test,visualwebarena.592
visualwebarena.594,False,shopping,hard,easy,hard,url_match,594,train,visualwebarena.593
visualwebarena.595,False,shopping,hard,easy,hard,url_match,595,train,visualwebarena.594
visualwebarena.596,False,shopping,hard,medium,hard,url_match,596,test,visualwebarena.595
visualwebarena.597,False,shopping,medium,medium,medium,program_html page_image_query,597,test,visualwebarena.596
visualwebarena.598,False,shopping,medium,medium,medium,program_html page_image_query,598,test,visualwebarena.597
visualwebarena.599,False,shopping,hard,medium,hard,url_match,599,test,visualwebarena.598
visualwebarena.600,False,shopping,hard,medium,hard,url_match,600,test,visualwebarena.599
visualwebarena.601,False,shopping,hard,medium,hard,url_match,601,test,visualwebarena.600
visualwebarena.602,False,shopping,hard,hard,hard,program_html page_image_query,602,test,visualwebarena.601
visualwebarena.603,False,shopping,easy,medium,medium,page_image_query,603,test,visualwebarena.602
visualwebarena.604,False,shopping,medium,medium,medium,page_image_query,604,train,visualwebarena.603
visualwebarena.605,False,shopping,medium,medium,medium,program_html,605,train,visualwebarena.604
visualwebarena.606,False,shopping,medium,medium,medium,program_html,606,train,visualwebarena.605
visualwebarena.607,False,shopping,medium,medium,medium,page_image_query,607,train,visualwebarena.606
visualwebarena.608,False,shopping,hard,hard,hard,program_html page_image_query,608,test,visualwebarena.607
visualwebarena.609,False,shopping,hard,hard,hard,program_html,609,train,visualwebarena.608
visualwebarena.610,False,shopping,hard,hard,hard,program_html page_image_query,610,test,visualwebarena.609
visualwebarena.611,False,shopping,hard,hard,hard,string_match,611,train,visualwebarena.610
visualwebarena.612,False,shopping,medium,easy,easy,program_html,612,test,visualwebarena.611
visualwebarena.613,False,shopping,hard,hard,hard,program_html,613,train,visualwebarena.612
visualwebarena.614,False,shopping,hard,hard,hard,program_html,614,test,visualwebarena.613
visualwebarena.615,False,shopping,hard,hard,hard,program_html,615,test,visualwebarena.614
visualwebarena.616,False,shopping,medium,easy,easy,program_html,616,test,visualwebarena.615
visualwebarena.617,False,shopping,medium,easy,easy,program_html,617,test,visualwebarena.616
visualwebarena.618,False,shopping,hard,hard,hard,program_html,618,train,visualwebarena.617
visualwebarena.619,False,shopping,hard,hard,hard,program_html,619,train,visualwebarena.618
visualwebarena.620,False,shopping,medium,hard,hard,program_html,620,test,visualwebarena.619
visualwebarena.621,False,shopping,medium,hard,hard,program_html,621,train,visualwebarena.620
visualwebarena.622,False,shopping,hard,hard,hard,program_html,622,train,visualwebarena.621
visualwebarena.623,False,shopping,hrad,hard,hard,program_html,623,test,visualwebarena.622
visualwebarena.624,False,shopping,hard,hard,hard,program_html,624,test,visualwebarena.623
visualwebarena.625,False,shopping,medium,medium,medium,program_html,625,test,visualwebarena.624
visualwebarena.626,False,shopping,medium,medium,medium,program_html,626,train,visualwebarena.625
visualwebarena.627,False,shopping,hard,hard,hard,program_html,627,test,visualwebarena.626
visualwebarena.628,False,shopping,medium,easy,medium,program_html,628,test,visualwebarena.627
visualwebarena.629,False,shopping,medium,easy,medium,program_html,629,train,visualwebarena.628
visualwebarena.630,False,shopping,hard,medium,medium,program_html,630,train,visualwebarena.629
visualwebarena.631,False,shopping,medium,easy,medium,program_html,631,train,visualwebarena.630
visualwebarena.632,False,shopping,easy,easy,easy,string_match,632,train,visualwebarena.631
visualwebarena.633,False,shopping,medium,medium,medium,program_html,633,test,visualwebarena.632
visualwebarena.634,False,shopping,medium,easy,medium,program_html,634,train,visualwebarena.633
visualwebarena.635,False,shopping,medium,hard,medium,program_html,635,train,visualwebarena.634
visualwebarena.636,False,shopping,easy,hard,hard,string_match,636,train,visualwebarena.635
visualwebarena.637,False,shopping,easy,easy,easy,string_match,637,test,visualwebarena.636
visualwebarena.638,False,shopping,easy,hard,medium,string_match,638,train,visualwebarena.637
visualwebarena.639,False,shopping,easy,easy,easy,string_match,639,train,visualwebarena.638
visualwebarena.640,False,shopping,easy,easy,easy,program_html,640,test,visualwebarena.639
visualwebarena.641,False,shopping,easy,medium,medium,program_html,641,train,visualwebarena.640
visualwebarena.642,False,shopping,medium,medium,medium,program_html,642,test,visualwebarena.641
visualwebarena.643,False,shopping,easy,easy,easy,string_match,643,train,visualwebarena.642
visualwebarena.644,False,shopping,easy,medium,medium,string_match,644,test,visualwebarena.643
visualwebarena.645,False,shopping,easy,easy,easy,string_match,645,test,visualwebarena.644
visualwebarena.646,False,shopping,easy,medium,medium,string_match,646,train,visualwebarena.645
visualwebarena.647,False,shopping,medium,medium,medium,string_match,647,test,visualwebarena.646
visualwebarena.648,False,shopping,medium,medium,medium,string_match,648,test,visualwebarena.647
visualwebarena.649,False,shopping,medium,medium,medium,string_match,649,train,visualwebarena.648
visualwebarena.650,False,shopping,medium,medium,medium,string_match,650,test,visualwebarena.649
visualwebarena.651,False,shopping,medium,hard,hard,string_match,651,test,visualwebarena.650
visualwebarena.652,False,shopping,medium,hard,hard,string_match,652,train,visualwebarena.651
visualwebarena.653,False,shopping,medium,hard,hard,string_match,653,test,visualwebarena.652
visualwebarena.654,False,shopping,easy,medium,easy,string_match,654,test,visualwebarena.653
visualwebarena.655,False,shopping,easy,medium,easy,string_match,655,train,visualwebarena.654
visualwebarena.656,False,shopping,medium,medium,easy,program_html,656,test,visualwebarena.655
visualwebarena.657,False,shopping,medium,hard,medium,program_html,657,train,visualwebarena.656
visualwebarena.658,False,shopping,easy,medium,easy,program_html,658,test,visualwebarena.657
visualwebarena.659,False,shopping,easy,medium,easy,program_html,659,test,visualwebarena.658
visualwebarena.660,False,shopping,easy,medium,easy,program_html,660,train,visualwebarena.659
visualwebarena.661,False,shopping,easy,medium,easy,string_match,661,train,visualwebarena.660
visualwebarena.662,False,shopping,easy,medium,medium,string_match,662,train,visualwebarena.661
visualwebarena.663,False,shopping,medium,hard,hard,string_match,663,test,visualwebarena.662
visualwebarena.664,False,shopping,easy,hard,medium,string_match,664,test,visualwebarena.663
visualwebarena.665,False,shopping,hard,easy,medium,program_html,665,train,visualwebarena.664
visualwebarena.666,False,shopping,hard,easy,medium,program_html,666,test,visualwebarena.665
visualwebarena.667,False,shopping,hard,easy,medium,program_html,667,train,visualwebarena.666
visualwebarena.668,True,shopping,medium,easy,medium,program_html,668,train,visualwebarena.667
visualwebarena.669,True,shopping,medium,hard,hard,program_html,669,test,visualwebarena.668
visualwebarena.670,True,shopping,medium,medium,medium,program_html,670,train,visualwebarena.669
visualwebarena.671,True,shopping,medium,hard,hard,program_html,671,train,visualwebarena.670
visualwebarena.672,True,shopping,medium,easy,easy,program_html,672,test,visualwebarena.671
visualwebarena.673,True,shopping,medium,hard,medium,program_html,673,train,visualwebarena.672
visualwebarena.674,False,shopping,medium,medium,medium,program_html,674,train,visualwebarena.673
visualwebarena.675,False,shopping,easy,easy,easy,program_html,675,train,visualwebarena.674
visualwebarena.676,False,shopping,medium,medium,medium,program_html,676,train,visualwebarena.675
visualwebarena.677,False,shopping,hard,medium,hard,program_html,677,test,visualwebarena.676
visualwebarena.678,False,shopping,hard,medium,hard,program_html,678,train,visualwebarena.677
visualwebarena.679,False,shopping,hard,medium,hard,program_html,679,test,visualwebarena.678
visualwebarena.680,False,shopping,hard,easy,medium,program_html,680,test,visualwebarena.679
visualwebarena.681,False,shopping,hard,easy,medium,program_html,681,test,visualwebarena.680
visualwebarena.682,False,shopping,medium,easy,medium,program_html,682,train,visualwebarena.681
visualwebarena.683,False,shopping,medium,easy,medium,program_html,683,test,visualwebarena.682
visualwebarena.684,False,shopping,hard,medium,hard,program_html,684,train,visualwebarena.683
visualwebarena.685,False,shopping,medium,hard,medium,string_match,685,train,visualwebarena.684
visualwebarena.686,False,shopping,medium,hard,medium,string_match,686,test,visualwebarena.685
visualwebarena.687,False,shopping,easy,hard,easy,string_match,687,train,visualwebarena.686
visualwebarena.688,True,shopping,easy,easy,easy,program_html,688,test,visualwebarena.687
visualwebarena.689,True,shopping,easy,medium,easy,program_html,689,train,visualwebarena.688
visualwebarena.690,False,shopping,hard,medium,hard,program_html,690,test,visualwebarena.689
visualwebarena.691,False,shopping,hard,hard,hard,program_html,691,train,visualwebarena.690
visualwebarena.692,False,shopping,hard,easy,medium,program_html,692,test,visualwebarena.691
visualwebarena.693,False,shopping,hard,easy,medium,program_html,693,test,visualwebarena.692
visualwebarena.694,False,shopping,medium,easy,medium,program_html,694,train,visualwebarena.693
visualwebarena.695,False,shopping,medium,easy,medium,program_html,695,train,visualwebarena.694
visualwebarena.696,False,shopping,hard,easy,medium,program_html,696,test,visualwebarena.695
visualwebarena.697,False,shopping,medium,medium,medium,string_match program_html,697,test,visualwebarena.696
visualwebarena.698,False,shopping,medium,easy,medium,string_match program_html,698,test,visualwebarena.697
visualwebarena.699,False,shopping,hard,medium,medium,string_match program_html,699,test,visualwebarena.698
visualwebarena.700,False,shopping,hard,medium,hard,program_html,700,train,visualwebarena.699
visualwebarena.701,False,shopping,hard,medium,hard,program_html,701,test,visualwebarena.700
visualwebarena.702,False,shopping,medium,easy,medium,program_html,702,test,visualwebarena.701
visualwebarena.703,False,shopping,hard,easy,medium,program_html,703,train,visualwebarena.702
visualwebarena.704,False,shopping,medium,easy,medium,program_html,704,test,visualwebarena.703
visualwebarena.705,False,shopping,medium,medium,medium,program_html,705,train,visualwebarena.704
visualwebarena.706,False,shopping,medium,easy,medium,program_html,706,train,visualwebarena.705
visualwebarena.707,False,shopping,hard,medium,medium,program_html,707,train,visualwebarena.706
visualwebarena.708,False,shopping,medium,hard,medium,program_html,708,test,visualwebarena.707
visualwebarena.709,False,shopping,hard,medium,hard,program_html,709,train,visualwebarena.708
visualwebarena.710,False,shopping,hard,hard,hard,program_html,710,test,visualwebarena.709
visualwebarena.711,True,shopping,medium,easy,easy,url_match program_html,711,test,visualwebarena.710
visualwebarena.712,True,shopping,medium,easy,medium,url_match program_html,712,test,visualwebarena.711
visualwebarena.713,True,shopping,hard,easy,medium,url_match program_html,713,train,visualwebarena.712
visualwebarena.714,True,shopping,medium,medium,medium,url_match program_html,714,test,visualwebarena.713
visualwebarena.715,True,shopping,hard,medium,hard,program_html,715,test,visualwebarena.714
visualwebarena.716,True,shopping,hard,medium,hard,program_html,716,test,visualwebarena.715
visualwebarena.717,True,shopping,medium,easy,easy,program_html,717,train,visualwebarena.716
visualwebarena.718,False,shopping,medium,easy,easy,program_html,718,test,visualwebarena.717
visualwebarena.719,False,shopping,hard,medium,hard,url_match,719,test,visualwebarena.718
visualwebarena.720,False,shopping,hard,medium,hard,url_match,720,test,visualwebarena.719
visualwebarena.721,False,shopping,medium,medium,medium,url_match,721,train,visualwebarena.720
visualwebarena.722,False,shopping,hard,hard,hard,url_match,722,test,visualwebarena.721
visualwebarena.723,False,shopping,hard,medium,medium,string_match,723,train,visualwebarena.722
visualwebarena.724,False,shopping,medium,easy,medium,string_match,724,train,visualwebarena.723
visualwebarena.725,False,shopping,medium,easy,easy,program_html,725,test,visualwebarena.724
visualwebarena.726,False,shopping,medium,easy,easy,program_html,726,train,visualwebarena.725
visualwebarena.727,False,shopping,medium,easy,medium,program_html,727,test,visualwebarena.726
visualwebarena.728,False,shopping wikipedia,hard,easy,medium,program_html,728,test,visualwebarena.727
visualwebarena.729,False,shopping,medium,easy,medium,program_html,729,test,visualwebarena.728
visualwebarena.730,False,shopping,easy,easy,easy,page_image_query,730,test,visualwebarena.729
visualwebarena.731,False,shopping,medium,easy,medium,string_match,731,train,visualwebarena.730
visualwebarena.732,False,shopping,medium,easy,medium,program_html,732,train,visualwebarena.731
visualwebarena.733,True,shopping,medium,easy,medium,program_html,733,train,visualwebarena.732
visualwebarena.734,False,shopping,medium,easy,medium,string_match,734,train,visualwebarena.733
visualwebarena.735,False,shopping,medium,medium,medium,string_match,735,train,visualwebarena.734
visualwebarena.736,False,shopping,easy,medium,medium,string_match,736,train,visualwebarena.735
visualwebarena.737,False,shopping,easy,medium,medium,string_match,737,test,visualwebarena.736
visualwebarena.738,False,shopping,easy,medium,medium,string_match,738,train,visualwebarena.737
visualwebarena.739,False,shopping,medium,medium,medium,page_image_query,739,test,visualwebarena.738
visualwebarena.740,False,shopping,medium,easy,medium,program_html,740,test,visualwebarena.739
visualwebarena.741,False,shopping,medium,easy,medium,program_html page_image_query,741,train,visualwebarena.740
visualwebarena.742,False,shopping,easy,medium,medium,string_match,742,train,visualwebarena.741
visualwebarena.743,False,shopping,easy,medium,medium,string_match,743,train,visualwebarena.742
visualwebarena.744,False,shopping,easy,medium,medium,string_match,744,test,visualwebarena.743
visualwebarena.745,False,shopping,easy,medium,medium,string_match,745,test,visualwebarena.744
visualwebarena.746,False,shopping,easy,medium,medium,string_match,746,train,visualwebarena.745
visualwebarena.747,False,shopping,easy,medium,medium,string_match,747,train,visualwebarena.746
visualwebarena.748,False,shopping,easy,hard,hard,string_match,748,train,visualwebarena.747
visualwebarena.749,False,shopping,easy,medium,medium,url_match,749,test,visualwebarena.748
visualwebarena.750,False,shopping,easy,medium,medium,url_match,750,test,visualwebarena.749
visualwebarena.751,False,shopping,easy,medium,medium,url_match,751,train,visualwebarena.750
visualwebarena.752,False,shopping,easy,medium,medium,url_match,752,test,visualwebarena.751
visualwebarena.753,False,shopping,easy,easy,easy,url_match,753,train,visualwebarena.752
visualwebarena.754,False,shopping,easy,easy,easy,url_match,754,train,visualwebarena.753
visualwebarena.755,False,shopping,easy,easy,easy,string_match,755,test,visualwebarena.754
visualwebarena.756,False,shopping,easy,easy,easy,url_match,756,test,visualwebarena.755
visualwebarena.757,False,shopping,medium,easy,easy,program_html,757,test,visualwebarena.756
visualwebarena.758,False,shopping,easy,medium,easy,url_match,758,train,visualwebarena.757
visualwebarena.759,False,shopping,easy,medium,easy,url_match,759,test,visualwebarena.758
visualwebarena.760,False,shopping,easy,medium,medium,string_match,760,test,visualwebarena.759
visualwebarena.761,False,shopping,easy,medium,medium,string_match,761,test,visualwebarena.760
visualwebarena.762,False,shopping,easy,medium,medium,program_html,762,train,visualwebarena.761
visualwebarena.763,False,shopping wikipedia,easy,medium,medium,program_html,763,test,visualwebarena.762
visualwebarena.764,True,shopping,medium,medium,medium,program_html,764,train,visualwebarena.763
visualwebarena.765,True,shopping,medium,medium,medium,program_html,765,test,visualwebarena.764
visualwebarena.766,True,shopping,easy,easy,easy,string_match,766,train,visualwebarena.765
visualwebarena.767,False,shopping,easy,easy,easy,string_match,767,train,visualwebarena.766
visualwebarena.768,False,shopping,easy,easy,easy,string_match,768,test,visualwebarena.767
visualwebarena.769,False,shopping,medium,easy,medium,program_html,769,test,visualwebarena.768
visualwebarena.770,False,shopping,medium,easy,medium,program_html,770,test,visualwebarena.769
visualwebarena.771,False,shopping,medium,easy,medium,program_html,771,train,visualwebarena.770
visualwebarena.772,False,shopping,medium,medium,medium,program_html,772,test,visualwebarena.771
visualwebarena.773,False,shopping,medium,medium,medium,program_html,773,train,visualwebarena.772
visualwebarena.774,False,shopping,medium,medium,medium,program_html,774,train,visualwebarena.773
visualwebarena.775,False,shopping,medium,medium,medium,program_html,775,test,visualwebarena.774
visualwebarena.776,False,shopping,medium,medium,medium,program_html,776,train,visualwebarena.775
visualwebarena.777,False,shopping,medium,easy,medium,string_match,777,train,visualwebarena.776
visualwebarena.778,False,shopping,easy,easy,easy,string_match,778,train,visualwebarena.777
visualwebarena.779,False,shopping,medium,medium,medium,program_html,779,train,visualwebarena.778
visualwebarena.780,False,shopping,medium,hard,hard,program_html,780,train,visualwebarena.779
visualwebarena.781,False,shopping,medium,hard,hard,string_match,781,train,visualwebarena.780
visualwebarena.782,False,shopping,hard,medium,hard,program_html,782,train,visualwebarena.781
visualwebarena.783,False,shopping,hard,medium,hard,program_html,783,test,visualwebarena.782
visualwebarena.784,False,shopping,easy,easy,easy,string_match,784,train,visualwebarena.783
visualwebarena.785,False,shopping,hard,hard,hard,program_html,785,test,visualwebarena.784
visualwebarena.786,False,shopping,hard,hard,hard,program_html,786,train,visualwebarena.785
visualwebarena.787,False,shopping,hard,hard,hard,program_html,787,train,visualwebarena.786
visualwebarena.788,False,shopping,hard,hard,hard,program_html,788,test,visualwebarena.787
visualwebarena.789,False,shopping wikipedia,medium,medium,medium,program_html,789,test,visualwebarena.788
visualwebarena.790,False,shopping,hard,medium,hard,program_html,790,test,visualwebarena.789
visualwebarena.791,False,shopping,hard,hard,hard,program_html,791,train,visualwebarena.790
visualwebarena.792,False,shopping,medium,hard,hard,program_html,792,test,visualwebarena.791
visualwebarena.793,False,shopping,hard,hard,hard,program_html,793,test,visualwebarena.792
visualwebarena.794,False,shopping,medium,hard,hard,program_html,794,test,visualwebarena.793
visualwebarena.795,False,shopping,medium,hard,hard,program_html,795,train,visualwebarena.794
visualwebarena.796,False,shopping,easy,medium,medium,program_html,796,test,visualwebarena.795
visualwebarena.797,False,shopping,easy,easy,easy,url_match,797,train,visualwebarena.796
visualwebarena.798,False,shopping,hard,medium,medium,program_html,798,train,visualwebarena.797
visualwebarena.799,False,shopping,easy,medium,medium,string_match,799,train,visualwebarena.798
visualwebarena.800,False,shopping,medium,hard,hard,url_match,800,train,visualwebarena.799
visualwebarena.801,False,shopping,easy,easy,easy,string_match,801,train,visualwebarena.800
visualwebarena.802,False,shopping,easy,medium,medium,program_html,802,test,visualwebarena.801
visualwebarena.803,False,shopping,easy,medium,medium,program_html,803,train,visualwebarena.802
visualwebarena.804,False,shopping,easy,medium,medium,program_html,804,train,visualwebarena.803
visualwebarena.805,False,shopping,easy,medium,medium,program_html,805,train,visualwebarena.804
visualwebarena.806,False,shopping,easy,medium,medium,program_html,806,train,visualwebarena.805
visualwebarena.807,False,shopping,easy,medium,medium,program_html,807,train,visualwebarena.806
visualwebarena.808,False,shopping,easy,medium,medium,string_match,808,train,visualwebarena.807
visualwebarena.809,False,shopping,medium,medium,medium,program_html,809,test,visualwebarena.808
visualwebarena.810,False,shopping,medium,medium,medium,program_html,810,test,visualwebarena.809
visualwebarena.811,False,shopping,easy,easy,easy,program_html,811,test,visualwebarena.810
visualwebarena.812,False,shopping,easy,easy,easy,program_html,812,test,visualwebarena.811
visualwebarena.813,False,shopping,hard,medium,hard,program_html,813,train,visualwebarena.812
visualwebarena.814,False,shopping,hard,easy,hard,program_html,814,test,visualwebarena.813
visualwebarena.815,False,shopping,medium,medium,medium,program_html,815,test,visualwebarena.814
visualwebarena.816,False,shopping,hard,hard,hard,program_html,816,test,visualwebarena.815
visualwebarena.817,False,shopping,medium,easy,medium,string_match,817,test,visualwebarena.816
visualwebarena.818,False,shopping,medium,medium,medium,program_html,818,test,visualwebarena.817
visualwebarena.819,False,shopping,medium,medium,medium,program_html,819,train,visualwebarena.818
visualwebarena.820,False,shopping,medium,medium,medium,program_html,820,test,visualwebarena.819
visualwebarena.821,False,shopping,medium,medium,medium,program_html,821,test,visualwebarena.820
visualwebarena.822,False,shopping,easy,medium,medium,string_match,822,train,visualwebarena.821
visualwebarena.823,False,shopping,easy,medium,medium,string_match,823,test,visualwebarena.822
visualwebarena.824,False,shopping,easy,medium,medium,string_match,824,train,visualwebarena.823
visualwebarena.825,False,shopping,hard,easy,medium,string_match,825,train,visualwebarena.824
visualwebarena.826,False,shopping,easy,medium,medium,program_html,826,test,visualwebarena.825
visualwebarena.827,False,shopping,easy,medium,medium,program_html,827,test,visualwebarena.826
visualwebarena.828,False,shopping,medium,hard,hard,program_html,828,test,visualwebarena.827
visualwebarena.829,False,shopping,medium,easy,medium,program_html,829,test,visualwebarena.828
visualwebarena.830,False,shopping,hard,medium,hard,program_html,830,train,visualwebarena.829
visualwebarena.831,False,shopping,medium,easy,medium,program_html,831,train,visualwebarena.830
visualwebarena.832,False,shopping,medium,easy,easy,program_html,832,test,visualwebarena.831
visualwebarena.833,False,shopping,medium,medium,medium,program_html,833,test,visualwebarena.832
visualwebarena.834,False,shopping,hard,hard,hard,program_html,834,train,visualwebarena.833
visualwebarena.835,False,shopping,hard,hard,hard,program_html,835,test,visualwebarena.834
visualwebarena.836,False,shopping,medium,medium,medium,program_html,836,train,visualwebarena.835
visualwebarena.837,False,shopping,easy,medium,medium,program_html,837,train,visualwebarena.836
visualwebarena.838,False,shopping,easy,medium,medium,program_html,838,train,visualwebarena.837
visualwebarena.839,False,shopping,easy,medium,medium,program_html,839,train,visualwebarena.838
visualwebarena.840,False,shopping,easy,easy,easy,program_html,840,train,visualwebarena.839
visualwebarena.841,False,shopping,easy,medium,medium,program_html,841,test,visualwebarena.840
visualwebarena.842,False,shopping,easy,medium,medium,program_html,842,train,visualwebarena.841
visualwebarena.843,False,shopping,medium,medium,medium,program_html,843,test,visualwebarena.842
visualwebarena.844,False,shopping,easy,medium,medium,program_html,844,train,visualwebarena.843
visualwebarena.845,False,shopping,easy,medium,medium,string_match,845,test,visualwebarena.844
visualwebarena.846,False,shopping,easy,medium,medium,string_match,846,test,visualwebarena.845
visualwebarena.847,False,shopping,easy,medium,medium,program_html,847,train,visualwebarena.846
visualwebarena.848,False,shopping,easy,easy,easy,program_html,848,test,visualwebarena.847
visualwebarena.849,False,shopping,hard,hard,hard,program_html,849,train,visualwebarena.848
visualwebarena.850,False,shopping,hard,medium,hard,program_html,850,test,visualwebarena.849
visualwebarena.851,False,shopping,medium,easy,medium,program_html,851,train,visualwebarena.850
visualwebarena.852,False,shopping,hard,hard,hard,program_html,852,train,visualwebarena.851
visualwebarena.853,False,shopping,hard,hard,hard,program_html,853,train,visualwebarena.852
visualwebarena.854,False,shopping,hard,hard,hard,program_html,854,test,visualwebarena.853
visualwebarena.855,False,shopping,hard,hard,hard,program_html,855,train,visualwebarena.854
visualwebarena.856,False,shopping,hard,hard,hard,program_html,856,train,visualwebarena.855
visualwebarena.857,False,shopping,hard,hard,hard,program_html,857,test,visualwebarena.856
visualwebarena.858,False,shopping,hard,medium,hard,program_html,858,train,visualwebarena.857
visualwebarena.859,False,shopping,hard,medium,hard,program_html,859,train,visualwebarena.858
visualwebarena.860,False,shopping,medium,hard,hard,program_html,860,train,visualwebarena.859
visualwebarena.861,False,shopping,medium,hard,hard,program_html,861,train,visualwebarena.860
visualwebarena.862,False,shopping,medium,hard,hard,program_html,862,test,visualwebarena.861
visualwebarena.863,False,shopping,medium,hard,hard,program_html,863,test,visualwebarena.862
visualwebarena.864,False,shopping,medium,hard,hard,program_html,864,train,visualwebarena.863
visualwebarena.865,False,shopping,medium,hard,hard,program_html,865,train,visualwebarena.864
visualwebarena.866,False,shopping,medium,easy,medium,program_html,866,train,visualwebarena.865
visualwebarena.867,False,shopping,easy,easy,easy,program_html,867,train,visualwebarena.866
visualwebarena.868,False,shopping,hard,hard,hard,program_html,868,test,visualwebarena.867
visualwebarena.869,False,shopping,hard,medium,hard,program_html,869,test,visualwebarena.868
visualwebarena.870,False,shopping,hard,medium,hard,program_html,870,train,visualwebarena.869
visualwebarena.871,False,shopping,easy,hard,medium,program_html,871,test,visualwebarena.870
visualwebarena.872,False,shopping,easy,hard,medium,program_html,872,test,visualwebarena.871
visualwebarena.873,False,shopping,easy,hard,medium,program_html,873,train,visualwebarena.872
visualwebarena.874,False,shopping,hard,hard,hard,program_html,874,test,visualwebarena.873
visualwebarena.875,False,shopping,hard,medium,hard,program_html,875,train,visualwebarena.874
visualwebarena.876,False,shopping,medium,medium,medium,program_html,876,test,visualwebarena.875
visualwebarena.877,False,shopping,hard,hard,hard,program_html,877,train,visualwebarena.876
visualwebarena.878,False,shopping,hard,hard,hard,program_html,878,test,visualwebarena.877
visualwebarena.879,False,shopping,hard,hard,hard,program_html,879,test,visualwebarena.878
visualwebarena.880,False,shopping,hard,hard,hard,program_html,880,train,visualwebarena.879
visualwebarena.881,False,shopping,hard,hard,hard,program_html,881,train,visualwebarena.880
visualwebarena.882,False,shopping,hard,hard,hard,program_html,882,train,visualwebarena.881
visualwebarena.883,False,shopping,hard,hard,hard,program_html,883,train,visualwebarena.882
visualwebarena.884,False,shopping,hard,hard,hard,program_html,884,train,visualwebarena.883
visualwebarena.885,False,shopping,hard,hard,hard,program_html,885,test,visualwebarena.884
visualwebarena.886,False,shopping,hard,hard,hard,program_html,886,train,visualwebarena.885
visualwebarena.887,False,shopping,hard,hard,hard,program_html,887,train,visualwebarena.886
visualwebarena.888,False,shopping,hard,hard,hard,program_html,888,test,visualwebarena.887
visualwebarena.889,False,shopping,easy,easy,easy,program_html,889,test,visualwebarena.888
visualwebarena.890,False,shopping,easy,hard,medium,program_html,890,test,visualwebarena.889
visualwebarena.891,False,shopping,easy,hard,medium,program_html,891,test,visualwebarena.890
visualwebarena.892,False,shopping,easy,hard,medium,program_html,892,train,visualwebarena.891
visualwebarena.893,False,shopping,easy,hard,medium,program_html,893,train,visualwebarena.892
visualwebarena.894,False,shopping,hard,hard,hard,program_html,894,train,visualwebarena.893
visualwebarena.895,False,shopping,hard,hard,hard,program_html,895,test,visualwebarena.894
visualwebarena.896,False,shopping,hard,hard,hard,program_html,896,train,visualwebarena.895
visualwebarena.897,False,shopping,medium,medium,medium,program_html,897,train,visualwebarena.896
visualwebarena.898,False,shopping,hard,hard,hard,program_html,898,test,visualwebarena.897
visualwebarena.899,False,shopping,hard,hard,hard,program_html,899,train,visualwebarena.898
visualwebarena.900,False,shopping,hard,hard,hard,program_html,900,test,visualwebarena.899
visualwebarena.901,False,shopping,hard,hard,hard,program_html,901,train,visualwebarena.900
visualwebarena.902,False,shopping,hard,hard,hard,program_html,902,test,visualwebarena.901
visualwebarena.903,False,shopping,hard,hard,hard,program_html,903,train,visualwebarena.902
visualwebarena.904,False,shopping,hard,hard,hard,program_html,904,train,visualwebarena.903
visualwebarena.905,False,shopping,hard,hard,hard,program_html,905,test,visualwebarena.904
visualwebarena.906,False,shopping,hard,hard,hard,program_html,906,test,visualwebarena.905
visualwebarena.907,False,shopping,easy,hard,hard,program_html,907,train,visualwebarena.906
visualwebarena.908,False,shopping,easy,medium,medium,program_html,908,train,visualwebarena.907
visualwebarena.909,False,shopping,easy,medium,medium,program_html,909,train,visualwebarena.908
