task_name,requires_reset,sites,eval_types,task_id,browsergym_split,depends_on
webarena_verified.0,False,shopping_admin,retrieve_value,0,train,
webarena_verified.1,False,shopping_admin,retrieve_value,1,test,webarena_verified.0
webarena_verified.2,False,shopping_admin,retrieve_value,2,train,webarena_verified.1
webarena_verified.3,False,shopping_admin,retrieve_value,3,test,webarena_verified.2
webarena_verified.4,False,shopping_admin,retrieve_value,4,train,webarena_verified.3
webarena_verified.5,False,shopping_admin,retrieve_value,5,train,webarena_verified.4
webarena_verified.6,False,shopping_admin,retrieve_value,6,test,webarena_verified.5
webarena_verified.7,False,map,retrieve_value,7,train,
webarena_verified.8,False,map,string_match,8,test,webarena_verified.7
webarena_verified.9,False,map,retrieve_value,9,test,webarena_verified.8
webarena_verified.10,False,map,retrieve_value,10,test,webarena_verified.9
webarena_verified.11,False,shopping_admin,retrieve_value,11,test,webarena_verified.6
webarena_verified.12,False,shopping_admin,retrieve_value,12,train,webarena_verified.11
webarena_verified.13,False,shopping_admin,retrieve_value,13,train,webarena_verified.12
webarena_verified.14,False,shopping_admin,retrieve_value,14,train,webarena_verified.13
webarena_verified.15,False,shopping_admin,retrieve_value,15,test,webarena_verified.14
webarena_verified.16,False,map,string_match,16,test,webarena_verified.10
webarena_verified.17,False,map,string_match,17,train,webarena_verified.16
webarena_verified.18,False,map,string_match,18,test,webarena_verified.17
webarena_verified.19,False,map,string_match,19,train,webarena_verified.18
webarena_verified.20,False,map,string_match,20,test,webarena_verified.19
webarena_verified.21,False,shopping,retrieve_value,21,test,
webarena_verified.22,False,shopping,retrieve_value,22,test,webarena_verified.21
webarena_verified.23,False,shopping,retrieve_value,23,test,webarena_verified.22
webarena_verified.24,False,shopping,retrieve_value,24,test,webarena_verified.23
webarena_verified.25,False,shopping,retrieve_value,25,test,webarena_verified.24
webarena_verified.26,False,shopping,retrieve_value,26,test,webarena_verified.25
webarena_verified.27,False,reddit,retrieve_value,27,test,
webarena_verified.28,False,reddit,retrieve_value,28,train,webarena_verified.27
webarena_verified.29,False,reddit,retrieve_value,29,train,webarena_verified.28
webarena_verified.30,False,reddit,retrieve_value,30,test,webarena_verified.29
webarena_verified.31,False,reddit,retrieve_value,31,train,webarena_verified.30
webarena_verified.32,False,map,retrieve_value,32,test,webarena_verified.20
webarena_verified.33,False,map,retrieve_value,33,test,webarena_verified.32
webarena_verified.34,False,map,retrieve_value,34,train,webarena_verified.33
webarena_verified.35,False,map,retrieve_value,35,test,webarena_verified.34
webarena_verified.36,False,map,retrieve_value,36,test,webarena_verified.35
webarena_verified.37,False,map,retrieve_value,37,train,webarena_verified.36
webarena_verified.38,False,map,retrieve_value,38,train,webarena_verified.37
webarena_verified.39,False,map,retrieve_value,39,train,webarena_verified.38
webarena_verified.40,False,map,retrieve_value,40,test,webarena_verified.39
webarena_verified.41,False,shopping_admin,retrieve_value,41,train,webarena_verified.15
webarena_verified.42,False,shopping_admin,retrieve_value,42,train,webarena_verified.41
webarena_verified.43,False,shopping_admin,retrieve_value,43,test,webarena_verified.42
webarena_verified.44,False,gitlab,ui_state,44,train,
webarena_verified.45,False,gitlab,ui_state,45,test,webarena_verified.44
webarena_verified.46,False,gitlab,ui_state,46,test,webarena_verified.45
webarena_verified.47,False,shopping,retrieve_value,47,train,webarena_verified.26
webarena_verified.48,False,shopping,retrieve_value,48,test,webarena_verified.47
webarena_verified.49,False,shopping,retrieve_value,49,train,webarena_verified.48
webarena_verified.50,False,shopping,retrieve_value,50,train,webarena_verified.49
webarena_verified.51,False,shopping,retrieve_value,51,test,webarena_verified.50
webarena_verified.52,False,map,string_match,52,test,webarena_verified.40
webarena_verified.53,False,map,string_match,53,train,webarena_verified.52
webarena_verified.54,False,map,string_match,54,test,webarena_verified.53
webarena_verified.55,False,map,string_match,55,train,webarena_verified.54
webarena_verified.56,False,map,string_match,56,train,webarena_verified.55
webarena_verified.57,False,map,retrieve_value,57,train,webarena_verified.56
webarena_verified.58,False,map,retrieve_value,58,train,webarena_verified.57
webarena_verified.59,False,map,retrieve_value,59,test,webarena_verified.58
webarena_verified.60,False,map,retrieve_value,60,test,webarena_verified.59
webarena_verified.61,False,map,retrieve_value,61,train,webarena_verified.60
webarena_verified.62,False,shopping_admin,retrieve_value,62,train,webarena_verified.43
webarena_verified.63,False,shopping_admin,retrieve_value,63,test,webarena_verified.62
webarena_verified.64,False,shopping_admin,retrieve_value,64,test,webarena_verified.63
webarena_verified.65,False,shopping_admin,retrieve_value,65,train,webarena_verified.64
webarena_verified.66,False,reddit,retrieve_value,66,test,webarena_verified.31
webarena_verified.67,False,reddit,retrieve_value,67,test,webarena_verified.66
webarena_verified.68,False,reddit,retrieve_value,68,train,webarena_verified.67
webarena_verified.69,False,reddit,retrieve_value,69,test,webarena_verified.68
webarena_verified.70,False,map,retrieve_value,70,train,webarena_verified.61
webarena_verified.71,False,map,retrieve_value,71,test,webarena_verified.70
webarena_verified.72,False,map,retrieve_value,72,train,webarena_verified.71
webarena_verified.73,False,map,retrieve_value,73,test,webarena_verified.72
webarena_verified.74,False,map,string_match,74,train,webarena_verified.73
webarena_verified.75,False,map,string_match,75,train,webarena_verified.74
webarena_verified.76,False,map,retrieve_value,76,train,webarena_verified.75
webarena_verified.77,False,shopping_admin,retrieve_value,77,test,webarena_verified.65
webarena_verified.78,False,shopping_admin,retrieve_value,78,train,webarena_verified.77
webarena_verified.79,False,shopping_admin,retrieve_value,79,test,webarena_verified.78
webarena_verified.80,False,map,string_match,80,test,webarena_verified.76
webarena_verified.81,False,map,string_match,81,test,webarena_verified.80
webarena_verified.82,False,map,string_match,82,train,webarena_verified.81
webarena_verified.83,False,map,string_match,83,train,webarena_verified.82
webarena_verified.84,False,map,string_match,84,train,webarena_verified.83
webarena_verified.85,False,map,string_match,85,test,webarena_verified.84
webarena_verified.86,False,map,string_match,86,test,webarena_verified.85
webarena_verified.87,False,map,string_match,87,train,webarena_verified.86
webarena_verified.88,False,map,string_match,88,train,webarena_verified.87
webarena_verified.89,False,map,retrieve_value,89,test,webarena_verified.88
webarena_verified.90,False,map,retrieve_value,90,test,webarena_verified.89
webarena_verified.91,False,map,retrieve_value,91,train,webarena_verified.90
webarena_verified.92,False,map,retrieve_value,92,train,webarena_verified.91
webarena_verified.93,False,map,retrieve_value,93,train,webarena_verified.92
webarena_verified.94,False,shopping_admin,retrieve_value,94,test,webarena_verified.79
webarena_verified.95,False,shopping_admin,retrieve_value,95,train,webarena_verified.94
webarena_verified.96,False,shopping,retrieve_value,96,test,webarena_verified.51
webarena_verified.97,False,map wikipedia,retrieve_value,97,test,webarena_verified.93
webarena_verified.98,False,map,retrieve_value,98,test,webarena_verified.97
webarena_verified.99,False,map,retrieve_value,99,train,webarena_verified.98
webarena_verified.100,False,map,retrieve_value,100,test,webarena_verified.99
webarena_verified.101,False,map,string_match,101,train,webarena_verified.100
webarena_verified.102,False,gitlab,ui_state,102,train,webarena_verified.46
webarena_verified.103,False,gitlab,ui_state,103,train,webarena_verified.102
webarena_verified.104,False,gitlab,ui_state,104,test,webarena_verified.103
webarena_verified.105,False,gitlab,ui_state,105,train,webarena_verified.104
webarena_verified.106,False,gitlab,ui_state,106,test,webarena_verified.105
webarena_verified.107,False,shopping_admin,retrieve_value,107,test,webarena_verified.95
webarena_verified.108,False,shopping_admin,retrieve_value,108,train,webarena_verified.107
webarena_verified.109,False,shopping_admin,retrieve_value,109,test,webarena_verified.108
webarena_verified.110,False,shopping_admin,retrieve_value,110,train,webarena_verified.109
webarena_verified.111,False,shopping_admin,retrieve_value,111,train,webarena_verified.110
webarena_verified.112,False,shopping_admin,retrieve_value,112,test,webarena_verified.111
webarena_verified.113,False,shopping_admin,retrieve_value,113,test,webarena_verified.112
webarena_verified.114,False,shopping_admin,retrieve_value,114,train,webarena_verified.113
webarena_verified.115,False,shopping_admin,retrieve_value,115,test,webarena_verified.114
webarena_verified.116,False,shopping_admin,retrieve_value,116,test,webarena_verified.115
webarena_verified.117,False,shopping,retrieve_value,117,test,webarena_verified.96
webarena_verified.118,False,shopping,program_html,118,train,webarena_verified.117
webarena_verified.119,False,shopping_admin,retrieve_value,119,test,webarena_verified.116
webarena_verified.120,False,shopping_admin,retrieve_value,120,train,webarena_verified.119
webarena_verified.121,False,shopping_admin,retrieve_value,121,train,webarena_verified.120
webarena_verified.122,False,shopping_admin,retrieve_value,122,test,webarena_verified.121
webarena_verified.123,False,shopping_admin,retrieve_value,123,train,webarena_verified.122
webarena_verified.124,False,shopping,retrieve_value,124,train,webarena_verified.118
webarena_verified.125,False,shopping,retrieve_value,125,train,webarena_verified.124
webarena_verified.126,False,shopping,retrieve_value,126,test,webarena_verified.125
webarena_verified.127,False,shopping_admin,retrieve_value,127,train,webarena_verified.123
webarena_verified.128,False,shopping_admin,retrieve_value,128,train,webarena_verified.127
webarena_verified.129,False,shopping_admin,retrieve_value,129,train,webarena_verified.128
webarena_verified.130,False,shopping_admin,retrieve_value,130,train,webarena_verified.129
webarena_verified.131,False,shopping_admin,retrieve_value,131,test,webarena_verified.130
webarena_verified.132,False,gitlab,retrieve_value,132,train,webarena_verified.106
webarena_verified.133,False,gitlab,retrieve_value,133,test,webarena_verified.132
webarena_verified.134,False,gitlab,retrieve_value,134,test,webarena_verified.133
webarena_verified.135,False,gitlab,retrieve_value,135,train,webarena_verified.134
webarena_verified.136,False,gitlab,retrieve_value,136,train,webarena_verified.135
webarena_verified.137,False,map,string_match,137,test,webarena_verified.101
webarena_verified.138,False,map,string_match,138,test,webarena_verified.137
webarena_verified.139,False,map,string_match,139,test,webarena_verified.138
webarena_verified.140,False,map,string_match,140,train,webarena_verified.139
webarena_verified.141,False,shopping,retrieve_value,141,train,webarena_verified.126
webarena_verified.142,False,shopping,retrieve_value,142,train,webarena_verified.141
webarena_verified.143,False,shopping,retrieve_value,143,test,webarena_verified.142
webarena_verified.144,False,shopping,retrieve_value,144,test,webarena_verified.143
webarena_verified.145,False,shopping,retrieve_value,145,train,webarena_verified.144
webarena_verified.146,False,shopping,retrieve_value,146,test,webarena_verified.145
webarena_verified.147,False,shopping,retrieve_value,147,train,webarena_verified.146
webarena_verified.148,False,shopping,retrieve_value,148,train,webarena_verified.147
webarena_verified.149,False,shopping,retrieve_value,149,test,webarena_verified.148
webarena_verified.150,False,shopping,retrieve_value,150,train,webarena_verified.149
webarena_verified.151,False,map,string_match,151,train,webarena_verified.140
webarena_verified.152,False,map,string_match,152,train,webarena_verified.151
webarena_verified.153,False,map,string_match,153,test,webarena_verified.152
webarena_verified.154,False,map,string_match,154,train,webarena_verified.153
webarena_verified.155,False,map,string_match,155,test,webarena_verified.154
webarena_verified.156,False,gitlab,ui_state,156,test,webarena_verified.136
webarena_verified.157,False,shopping_admin,ui_state,157,train,webarena_verified.131
webarena_verified.158,False,shopping,ui_state,158,test,webarena_verified.150
webarena_verified.159,False,shopping,ui_state,159,train,webarena_verified.158
webarena_verified.160,False,shopping,ui_state,160,train,webarena_verified.159
webarena_verified.161,False,shopping,ui_state,161,train,webarena_verified.160
webarena_verified.162,False,shopping,ui_state,162,test,webarena_verified.161
webarena_verified.163,False,shopping,retrieve_value,163,test,webarena_verified.162
webarena_verified.164,False,shopping,retrieve_value,164,test,webarena_verified.163
webarena_verified.165,False,shopping,retrieve_value,165,test,webarena_verified.164
webarena_verified.166,False,shopping,retrieve_value,166,test,webarena_verified.165
webarena_verified.167,False,shopping,retrieve_value,167,test,webarena_verified.166
webarena_verified.168,False,gitlab,retrieve_value,168,test,webarena_verified.156
webarena_verified.169,False,gitlab,retrieve_value,169,train,webarena_verified.168
webarena_verified.170,False,gitlab,retrieve_value,170,train,webarena_verified.169
webarena_verified.171,False,gitlab,retrieve_value,171,test,webarena_verified.170
webarena_verified.172,False,gitlab,retrieve_value,172,train,webarena_verified.171
webarena_verified.173,False,gitlab,retrieve_value,173,train,webarena_verified.172
webarena_verified.174,False,gitlab,retrieve_value,174,test,webarena_verified.173
webarena_verified.175,False,gitlab,retrieve_value,175,train,webarena_verified.174
webarena_verified.176,False,gitlab,retrieve_value,176,train,webarena_verified.175
webarena_verified.177,False,gitlab,retrieve_value,177,test,webarena_verified.176
webarena_verified.178,False,gitlab,retrieve_value,178,test,webarena_verified.177
webarena_verified.179,False,gitlab,retrieve_value,179,train,webarena_verified.178
webarena_verified.180,False,gitlab,retrieve_value,180,train,webarena_verified.179
webarena_verified.181,False,gitlab,retrieve_value,181,test,webarena_verified.180
webarena_verified.182,False,gitlab,retrieve_value,182,train,webarena_verified.181
webarena_verified.183,False,shopping_admin,retrieve_value,183,train,webarena_verified.157
webarena_verified.184,False,shopping_admin,retrieve_value,184,train,webarena_verified.183
webarena_verified.185,False,shopping_admin,retrieve_value,185,test,webarena_verified.184
webarena_verified.186,False,shopping_admin,retrieve_value,186,train,webarena_verified.185
webarena_verified.187,False,shopping_admin,retrieve_value,187,test,webarena_verified.186
webarena_verified.188,False,shopping,retrieve_value,188,test,webarena_verified.167
webarena_verified.189,False,shopping,retrieve_value,189,train,webarena_verified.188
webarena_verified.190,False,shopping,retrieve_value,190,train,webarena_verified.189
webarena_verified.191,False,shopping,retrieve_value,191,train,webarena_verified.190
webarena_verified.192,False,shopping,retrieve_value,192,test,webarena_verified.191
webarena_verified.193,False,shopping_admin,retrieve_value,193,train,webarena_verified.187
webarena_verified.194,False,shopping_admin,retrieve_value,194,train,webarena_verified.193
webarena_verified.195,False,shopping_admin,retrieve_value,195,test,webarena_verified.194
webarena_verified.196,False,shopping_admin,retrieve_value,196,train,webarena_verified.195
webarena_verified.197,False,shopping_admin,retrieve_value,197,train,webarena_verified.196
webarena_verified.198,False,shopping_admin,retrieve_value,198,train,webarena_verified.197
webarena_verified.199,False,shopping_admin,retrieve_value,199,train,webarena_verified.198
webarena_verified.200,False,shopping_admin,retrieve_value,200,train,webarena_verified.199
webarena_verified.201,False,shopping_admin,retrieve_value,201,test,webarena_verified.200
webarena_verified.202,False,shopping_admin,retrieve_value,202,train,webarena_verified.201
webarena_verified.203,False,shopping_admin,retrieve_value,203,test,webarena_verified.202
webarena_verified.204,False,shopping_admin,retrieve_value,204,test,webarena_verified.203
webarena_verified.205,False,gitlab,retrieve_value,205,train,webarena_verified.182
webarena_verified.206,False,gitlab,retrieve_value,206,test,webarena_verified.205
webarena_verified.207,False,gitlab,retrieve_value,207,test,webarena_verified.206
webarena_verified.208,False,shopping_admin,retrieve_value,208,test,webarena_verified.204
webarena_verified.209,False,shopping_admin,retrieve_value,209,test,webarena_verified.208
webarena_verified.210,False,shopping_admin,retrieve_value,210,train,webarena_verified.209
webarena_verified.211,False,shopping_admin,retrieve_value,211,train,webarena_verified.210
webarena_verified.212,False,shopping_admin,retrieve_value,212,train,webarena_verified.211
webarena_verified.213,False,shopping_admin,retrieve_value,213,test,webarena_verified.212
webarena_verified.214,False,shopping_admin,retrieve_value,214,train,webarena_verified.213
webarena_verified.215,False,shopping_admin,retrieve_value,215,test,webarena_verified.214
webarena_verified.216,False,shopping_admin,retrieve_value,216,train,webarena_verified.215
webarena_verified.217,False,shopping_admin,retrieve_value,217,train,webarena_verified.216
webarena_verified.218,False,map,string_match,218,train,webarena_verified.155
webarena_verified.219,False,map,string_match,219,test,webarena_verified.218
webarena_verified.220,False,map,string_match,220,train,webarena_verified.219
webarena_verified.221,False,map,string_match,221,test,webarena_verified.220
webarena_verified.222,False,map,string_match,222,train,webarena_verified.221
webarena_verified.223,False,map,string_match,223,test,webarena_verified.222
webarena_verified.224,False,map,string_match,224,test,webarena_verified.223
webarena_verified.225,False,shopping,retrieve_value,225,test,webarena_verified.192
webarena_verified.226,False,shopping,retrieve_value,226,train,webarena_verified.225
webarena_verified.227,False,shopping,retrieve_value,227,train,webarena_verified.226
webarena_verified.228,False,shopping,retrieve_value,228,test,webarena_verified.227
webarena_verified.229,False,shopping,retrieve_value,229,test,webarena_verified.228
webarena_verified.230,False,shopping,retrieve_value,230,train,webarena_verified.229
webarena_verified.231,False,shopping,retrieve_value,231,test,webarena_verified.230
webarena_verified.232,False,shopping,retrieve_value,232,train,webarena_verified.231
webarena_verified.233,False,shopping,retrieve_value,233,test,webarena_verified.232
webarena_verified.234,False,shopping,retrieve_value,234,train,webarena_verified.233
webarena_verified.235,False,shopping,retrieve_value,235,train,webarena_verified.234
webarena_verified.236,False,map,retrieve_value,236,train,webarena_verified.224
webarena_verified.237,False,map,retrieve_value,237,train,webarena_verified.236
webarena_verified.238,False,shopping,ui_state,238,train,webarena_verified.235
webarena_verified.239,False,shopping,ui_state,239,train,webarena_verified.238
webarena_verified.240,False,shopping,ui_state,240,test,webarena_verified.239
webarena_verified.241,False,shopping,ui_state,241,train,webarena_verified.240
webarena_verified.242,False,shopping,ui_state,242,test,webarena_verified.241
webarena_verified.243,False,shopping_admin,retrieve_value,243,train,webarena_verified.217
webarena_verified.244,False,shopping_admin,retrieve_value,244,test,webarena_verified.243
webarena_verified.245,False,shopping_admin,retrieve_value,245,train,webarena_verified.244
webarena_verified.246,False,shopping_admin,retrieve_value,246,test,webarena_verified.245
webarena_verified.247,False,shopping_admin,retrieve_value,247,train,webarena_verified.246
webarena_verified.248,False,map,retrieve_value,248,test,webarena_verified.237
webarena_verified.249,False,map,retrieve_value,249,train,webarena_verified.248
webarena_verified.250,False,map,retrieve_value,250,test,webarena_verified.249
webarena_verified.251,False,map,retrieve_value,251,train,webarena_verified.250
webarena_verified.252,False,map,retrieve_value,252,train,webarena_verified.251
webarena_verified.253,False,map,string_match,253,test,webarena_verified.252
webarena_verified.254,False,map,retrieve_value,254,train,webarena_verified.253
webarena_verified.255,False,map,retrieve_value,255,test,webarena_verified.254
webarena_verified.256,False,map,retrieve_value,256,train,webarena_verified.255
webarena_verified.257,False,map,string_match,257,test,webarena_verified.256
webarena_verified.258,False,gitlab,ui_state,258,train,webarena_verified.207
webarena_verified.259,False,gitlab,retrieve_value,259,train,webarena_verified.258
webarena_verified.260,False,shopping,ui_state,260,test,webarena_verified.242
webarena_verified.261,False,shopping,ui_state,261,train,webarena_verified.260
webarena_verified.262,False,shopping,ui_state,262,train,webarena_verified.261
webarena_verified.263,False,shopping,ui_state,263,test,webarena_verified.262
webarena_verified.264,False,shopping,ui_state,264,train,webarena_verified.263
webarena_verified.265,False,wikipedia map,retrieve_value,265,test,webarena_verified.257
webarena_verified.266,False,wikipedia map,retrieve_value,266,test,webarena_verified.265
webarena_verified.267,False,wikipedia map,retrieve_value,267,train,webarena_verified.266
webarena_verified.268,False,wikipedia map,retrieve_value,268,test,webarena_verified.267
webarena_verified.269,False,shopping,ui_state,269,train,webarena_verified.264
webarena_verified.270,False,shopping,ui_state,270,train,webarena_verified.269
webarena_verified.271,False,shopping,ui_state,271,test,webarena_verified.270
webarena_verified.272,False,shopping,ui_state,272,test,webarena_verified.271
webarena_verified.273,False,shopping,ui_state,273,train,webarena_verified.272
webarena_verified.274,False,shopping,ui_state,274,test,webarena_verified.273
webarena_verified.275,False,shopping,ui_state,275,test,webarena_verified.274
webarena_verified.276,False,shopping,ui_state,276,train,webarena_verified.275
webarena_verified.277,False,shopping,ui_state,277,train,webarena_verified.276
webarena_verified.278,False,shopping,ui_state,278,train,webarena_verified.277
webarena_verified.279,False,shopping,retrieve_value,279,train,webarena_verified.278
webarena_verified.280,False,shopping,retrieve_value,280,test,webarena_verified.279
webarena_verified.281,False,shopping,retrieve_value,281,train,webarena_verified.280
webarena_verified.282,False,shopping,retrieve_value,282,train,webarena_verified.281
webarena_verified.283,False,shopping,ui_state,283,test,webarena_verified.282
webarena_verified.284,False,shopping,ui_state,284,test,webarena_verified.283
webarena_verified.285,False,shopping,ui_state,285,train,webarena_verified.284
webarena_verified.286,False,shopping,ui_state,286,test,webarena_verified.285
webarena_verified.287,False,map,string_match,287,test,webarena_verified.268
webarena_verified.288,False,shopping_admin,retrieve_value,288,train,webarena_verified.247
webarena_verified.289,False,shopping_admin,retrieve_value,289,test,webarena_verified.288
webarena_verified.290,False,shopping_admin,retrieve_value,290,train,webarena_verified.289
webarena_verified.291,False,shopping_admin,retrieve_value,291,train,webarena_verified.290
webarena_verified.292,False,shopping_admin,retrieve_value,292,test,webarena_verified.291
webarena_verified.293,False,gitlab,retrieve_value,293,train,webarena_verified.259
webarena_verified.294,False,gitlab,retrieve_value,294,train,webarena_verified.293
webarena_verified.295,False,gitlab,retrieve_value,295,test,webarena_verified.294
webarena_verified.296,False,gitlab,retrieve_value,296,train,webarena_verified.295
webarena_verified.297,False,gitlab,retrieve_value,297,test,webarena_verified.296
webarena_verified.298,False,shopping,ui_state,298,train,webarena_verified.286
webarena_verified.299,False,shopping,ui_state,299,train,webarena_verified.298
webarena_verified.300,False,shopping,ui_state,300,test,webarena_verified.299
webarena_verified.301,False,shopping,retrieve_value,301,test,webarena_verified.300
webarena_verified.302,False,shopping,retrieve_value,302,train,webarena_verified.301
webarena_verified.303,False,gitlab,retrieve_value,303,test,webarena_verified.297
webarena_verified.304,False,gitlab,retrieve_value,304,train,webarena_verified.303
webarena_verified.305,False,gitlab,retrieve_value,305,train,webarena_verified.304
webarena_verified.306,False,gitlab,retrieve_value,306,test,webarena_verified.305
webarena_verified.307,False,gitlab,retrieve_value,307,train,webarena_verified.306
webarena_verified.308,False,gitlab,retrieve_value,308,train,webarena_verified.307
webarena_verified.309,False,gitlab,retrieve_value,309,train,webarena_verified.308
webarena_verified.310,False,gitlab,retrieve_value,310,train,webarena_verified.309
webarena_verified.311,False,gitlab,retrieve_value,311,test,webarena_verified.310
webarena_verified.312,False,gitlab,retrieve_value,312,test,webarena_verified.311
webarena_verified.313,False,shopping,retrieve_value,313,train,webarena_verified.302
webarena_verified.314,False,gitlab,retrieve_value,314,train,webarena_verified.312
webarena_verified.315,False,gitlab,retrieve_value,315,train,webarena_verified.314
webarena_verified.316,False,gitlab,retrieve_value,316,test,webarena_verified.315
webarena_verified.317,False,gitlab,retrieve_value,317,test,webarena_verified.316
webarena_verified.318,False,gitlab,retrieve_value,318,train,webarena_verified.317
webarena_verified.319,False,shopping,retrieve_value,319,train,webarena_verified.313
webarena_verified.320,False,shopping,retrieve_value,320,test,webarena_verified.319
webarena_verified.321,False,shopping,retrieve_value,321,train,webarena_verified.320
webarena_verified.322,False,shopping,retrieve_value,322,test,webarena_verified.321
webarena_verified.323,False,shopping,retrieve_value,323,train,webarena_verified.322
webarena_verified.324,False,shopping,ui_state,324,train,webarena_verified.323
webarena_verified.325,False,shopping,ui_state,325,test,webarena_verified.324
webarena_verified.326,False,shopping,ui_state,326,train,webarena_verified.325
webarena_verified.327,False,shopping,ui_state,327,test,webarena_verified.326
webarena_verified.328,False,shopping,ui_state,328,train,webarena_verified.327
webarena_verified.329,False,shopping,retrieve_value,329,test,webarena_verified.328
webarena_verified.330,False,shopping,retrieve_value,330,test,webarena_verified.329
webarena_verified.331,False,shopping,retrieve_value,331,test,webarena_verified.330
webarena_verified.332,False,shopping,retrieve_value,332,train,webarena_verified.331
webarena_verified.333,False,shopping,retrieve_value,333,train,webarena_verified.332
webarena_verified.334,False,shopping,retrieve_value,334,train,webarena_verified.333
webarena_verified.335,False,shopping,retrieve_value,335,train,webarena_verified.334
webarena_verified.336,False,shopping,retrieve_value,336,test,webarena_verified.335
webarena_verified.337,False,shopping,retrieve_value,337,test,webarena_verified.336
webarena_verified.338,False,shopping,retrieve_value,338,train,webarena_verified.337
webarena_verified.339,False,gitlab,ui_state,339,test,webarena_verified.318
webarena_verified.340,False,gitlab,ui_state,340,train,webarena_verified.339
webarena_verified.341,False,gitlab,ui_state,341,test,webarena_verified.340
webarena_verified.342,False,gitlab,ui_state,342,test,webarena_verified.341
webarena_verified.343,False,gitlab,ui_state,343,test,webarena_verified.342
webarena_verified.344,False,shopping_admin,retrieve_value,344,test,webarena_verified.292
webarena_verified.345,False,shopping_admin,retrieve_value,345,train,webarena_verified.344
webarena_verified.346,False,shopping_admin,retrieve_value,346,train,webarena_verified.345
webarena_verified.347,False,shopping_admin,retrieve_value,347,train,webarena_verified.346
webarena_verified.348,False,shopping_admin,retrieve_value,348,test,webarena_verified.347
webarena_verified.349,False,gitlab,retrieve_value,349,test,webarena_verified.343
webarena_verified.350,False,gitlab,retrieve_value,350,test,webarena_verified.349
webarena_verified.351,False,shopping,ui_state,351,train,webarena_verified.338
webarena_verified.352,False,shopping,ui_state,352,test,webarena_verified.351
webarena_verified.353,False,shopping,ui_state,353,test,webarena_verified.352
webarena_verified.354,False,shopping,ui_state,354,train,webarena_verified.353
webarena_verified.355,False,shopping,ui_state,355,train,webarena_verified.354
webarena_verified.356,False,map,program_html,356,test,webarena_verified.287
webarena_verified.357,False,gitlab,ui_state,357,test,webarena_verified.350
webarena_verified.358,False,shopping,retrieve_value,358,train,webarena_verified.355
webarena_verified.359,False,shopping,retrieve_value,359,test,webarena_verified.358
webarena_verified.360,False,shopping,retrieve_value,360,train,webarena_verified.359
webarena_verified.361,False,shopping,retrieve_value,361,train,webarena_verified.360
webarena_verified.362,False,shopping,retrieve_value,362,test,webarena_verified.361
webarena_verified.363,False,map,retrieve_value,363,train,webarena_verified.356
webarena_verified.364,False,map,retrieve_value,364,test,webarena_verified.363
webarena_verified.365,False,map,retrieve_value,365,test,webarena_verified.364
webarena_verified.366,False,map,retrieve_value,366,train,webarena_verified.365
webarena_verified.367,False,map,retrieve_value,367,train,webarena_verified.366
webarena_verified.368,False,shopping,retrieve_value,368,test,webarena_verified.362
webarena_verified.369,False,map,program_html,369,train,webarena_verified.367
webarena_verified.370,False,map,program_html,370,test,webarena_verified.369
webarena_verified.371,False,map,program_html,371,test,webarena_verified.370
webarena_verified.372,False,map,program_html,372,train,webarena_verified.371
webarena_verified.373,False,map,program_html,373,train,webarena_verified.372
webarena_verified.374,False,shopping_admin,ui_state,374,train,webarena_verified.348
webarena_verified.375,False,shopping_admin,ui_state,375,train,webarena_verified.374
webarena_verified.376,False,shopping,retrieve_value,376,test,webarena_verified.368
webarena_verified.377,False,map,ui_state,377,test,webarena_verified.373
webarena_verified.378,False,map,ui_state,378,train,webarena_verified.377
webarena_verified.379,False,map,ui_state,379,train,webarena_verified.378
webarena_verified.380,False,map,ui_state,380,test,webarena_verified.379
webarena_verified.381,False,map,ui_state,381,train,webarena_verified.380
webarena_verified.382,False,map,string_match,382,test,webarena_verified.381
webarena_verified.383,False,map,retrieve_value,383,test,webarena_verified.382
webarena_verified.384,False,shopping,retrieve_value,384,test,webarena_verified.376
webarena_verified.385,False,shopping,retrieve_value,385,train,webarena_verified.384
webarena_verified.386,False,shopping,retrieve_value,386,test,webarena_verified.385
webarena_verified.387,False,shopping,retrieve_value,387,train,webarena_verified.386
webarena_verified.388,False,shopping,retrieve_value,388,test,webarena_verified.387
webarena_verified.389,False,gitlab,backend_state,389,test,webarena_verified.357
webarena_verified.390,False,gitlab,backend_state,390,train,webarena_verified.389
webarena_verified.391,False,gitlab,backend_state,391,train,webarena_verified.390
webarena_verified.392,False,gitlab,backend_state,392,test,webarena_verified.391
webarena_verified.393,False,gitlab,backend_state,393,train,webarena_verified.392
webarena_verified.394,False,gitlab,backend_state,394,test,webarena_verified.393
webarena_verified.395,False,gitlab,backend_state,395,train,webarena_verified.394
webarena_verified.396,False,gitlab,backend_state,396,train,webarena_verified.395
webarena_verified.397,False,gitlab,backend_state,397,train,webarena_verified.396
webarena_verified.398,False,gitlab,backend_state,398,test,webarena_verified.397
webarena_verified.399,False,reddit,backend_state,399,train,webarena_verified.69
webarena_verified.400,False,reddit,backend_state,400,test,webarena_verified.399
webarena_verified.401,False,reddit,backend_state,401,train,webarena_verified.400
webarena_verified.402,False,reddit,backend_state,402,train,webarena_verified.401
webarena_verified.403,False,reddit,backend_state,403,test,webarena_verified.402
webarena_verified.404,False,reddit,backend_state,404,train,webarena_verified.403
webarena_verified.405,False,reddit,backend_state,405,test,webarena_verified.404
webarena_verified.406,False,reddit,backend_state,406,train,webarena_verified.405
webarena_verified.407,False,reddit,backend_state,407,test,webarena_verified.406
webarena_verified.408,False,reddit,backend_state,408,train,webarena_verified.407
webarena_verified.409,False,reddit,backend_state,409,test,webarena_verified.408
webarena_verified.410,False,reddit,backend_state,410,test,webarena_verified.409
webarena_verified.411,False,gitlab,backend_state,411,test,webarena_verified.398
webarena_verified.412,False,gitlab,backend_state,412,test,webarena_verified.411
webarena_verified.413,False,gitlab,backend_state,413,test,webarena_verified.412
webarena_verified.414,False,gitlab,backend_state,414,test,webarena_verified.413
webarena_verified.415,False,gitlab,backend_state,415,test,webarena_verified.414
webarena_verified.416,False,gitlab,backend_state,416,test,webarena_verified.415
webarena_verified.417,False,gitlab,backend_state,417,test,webarena_verified.416
webarena_verified.418,False,gitlab,backend_state,418,train,webarena_verified.417
webarena_verified.419,False,gitlab,backend_state,419,test,webarena_verified.418
webarena_verified.420,False,gitlab,backend_state,420,test,webarena_verified.419
webarena_verified.421,False,gitlab,backend_state,421,train,webarena_verified.420
webarena_verified.422,False,gitlab,backend_state,422,train,webarena_verified.421
webarena_verified.423,False,shopping_admin,backend_state,423,train,webarena_verified.375
webarena_verified.424,False,wikipedia map,program_html,424,train,webarena_verified.383
webarena_verified.425,False,wikipedia map,program_html,425,train,webarena_verified.424
webarena_verified.426,False,wikipedia map,program_html,426,test,webarena_verified.425
webarena_verified.427,False,wikipedia map,program_html,427,test,webarena_verified.426
webarena_verified.428,False,wikipedia map,program_html,428,train,webarena_verified.427
webarena_verified.429,False,wikipedia map,program_html,429,train,webarena_verified.428
webarena_verified.430,False,wikipedia map,program_html,430,test,webarena_verified.429
webarena_verified.431,False,shopping,program_html,431,train,webarena_verified.388
webarena_verified.432,False,shopping,backend_state,432,test,webarena_verified.431
webarena_verified.433,False,shopping,backend_state,433,train,webarena_verified.432
webarena_verified.434,False,shopping,backend_state,434,train,webarena_verified.433
webarena_verified.435,False,shopping,backend_state,435,train,webarena_verified.434
webarena_verified.436,False,shopping,backend_state,436,test,webarena_verified.435
webarena_verified.437,False,shopping,backend_state,437,train,webarena_verified.436
webarena_verified.438,False,shopping,backend_state,438,train,webarena_verified.437
webarena_verified.439,False,shopping,backend_state,439,train,webarena_verified.438
webarena_verified.440,False,shopping,backend_state,440,test,webarena_verified.439
webarena_verified.441,False,gitlab,backend_state,441,train,webarena_verified.422
webarena_verified.442,False,gitlab,backend_state,442,train,webarena_verified.441
webarena_verified.443,False,gitlab,backend_state,443,test,webarena_verified.442
webarena_verified.444,False,gitlab,backend_state,444,train,webarena_verified.443
webarena_verified.445,False,gitlab,backend_state,445,test,webarena_verified.444
webarena_verified.446,False,gitlab,backend_state,446,test,webarena_verified.445
webarena_verified.447,False,gitlab,backend_state,447,train,webarena_verified.446
webarena_verified.448,False,gitlab,backend_state,448,test,webarena_verified.447
webarena_verified.449,False,gitlab,backend_state,449,test,webarena_verified.448
webarena_verified.450,False,gitlab,retrieve_value,450,train,webarena_verified.449
webarena_verified.451,False,gitlab,retrieve_value,451,train,webarena_verified.450
webarena_verified.452,False,gitlab,retrieve_value,452,train,webarena_verified.451
webarena_verified.453,False,shopping_admin,backend_state,453,train,webarena_verified.423
webarena_verified.454,False,shopping_admin,backend_state,454,test,webarena_verified.453
webarena_verified.455,False,shopping_admin,backend_state,455,train,webarena_verified.454
webarena_verified.456,False,shopping_admin,backend_state,456,test,webarena_verified.455
webarena_verified.457,False,shopping_admin,backend_state,457,train,webarena_verified.456
webarena_verified.458,False,shopping_admin,backend_state,458,test,webarena_verified.457
webarena_verified.459,False,shopping_admin,backend_state,459,test,webarena_verified.458
webarena_verified.460,False,shopping_admin,backend_state,460,train,webarena_verified.459
webarena_verified.461,False,shopping_admin,backend_state,461,train,webarena_verified.460
webarena_verified.462,False,shopping_admin,backend_state,462,test,webarena_verified.461
webarena_verified.463,False,shopping_admin,backend_state,463,test,webarena_verified.462
webarena_verified.464,False,shopping_admin,backend_state,464,train,webarena_verified.463
webarena_verified.465,False,shopping,backend_state,465,train,webarena_verified.440
webarena_verified.466,False,shopping,backend_state,466,train,webarena_verified.465
webarena_verified.467,False,shopping,backend_state,467,train,webarena_verified.466
webarena_verified.468,False,shopping,backend_state,468,test,webarena_verified.467
webarena_verified.469,False,shopping,backend_state,469,test,webarena_verified.468
webarena_verified.470,False,shopping_admin,backend_state,470,test,webarena_verified.464
webarena_verified.471,False,shopping_admin,backend_state,471,test,webarena_verified.470
webarena_verified.472,False,shopping_admin,backend_state,472,train,webarena_verified.471
webarena_verified.473,False,shopping_admin,backend_state,473,train,webarena_verified.472
webarena_verified.474,False,shopping_admin,backend_state,474,train,webarena_verified.473
webarena_verified.475,False,gitlab,backend_state,475,train,webarena_verified.452
webarena_verified.476,False,gitlab,backend_state,476,train,webarena_verified.475
webarena_verified.477,False,gitlab,backend_state,477,train,webarena_verified.476
webarena_verified.478,False,gitlab,backend_state,478,test,webarena_verified.477
webarena_verified.479,False,gitlab,backend_state,479,test,webarena_verified.478
webarena_verified.480,False,gitlab,backend_state,480,train,webarena_verified.479
webarena_verified.481,False,gitlab,backend_state,481,train,webarena_verified.480
webarena_verified.482,False,gitlab,backend_state,482,train,webarena_verified.481
webarena_verified.483,False,gitlab,backend_state,483,test,webarena_verified.482
webarena_verified.484,False,gitlab,backend_state,484,train,webarena_verified.483
webarena_verified.485,False,gitlab,backend_state,485,test,webarena_verified.484
webarena_verified.486,False,shopping_admin,backend_state,486,train,webarena_verified.474
webarena_verified.487,False,shopping_admin,backend_state,487,test,webarena_verified.486
webarena_verified.488,False,shopping_admin,backend_state,488,test,webarena_verified.487
webarena_verified.489,False,shopping_admin,backend_state,489,train,webarena_verified.488
webarena_verified.490,False,shopping_admin,backend_state,490,train,webarena_verified.489
webarena_verified.491,False,shopping_admin,retrieve_value,491,test,webarena_verified.490
webarena_verified.492,False,shopping_admin,backend_state,492,train,webarena_verified.491
webarena_verified.493,False,shopping_admin,backend_state,493,train,webarena_verified.492
webarena_verified.494,False,shopping_admin,backend_state,494,train,webarena_verified.493
webarena_verified.495,False,shopping_admin,backend_state,495,test,webarena_verified.494
webarena_verified.496,False,shopping_admin,backend_state,496,train,webarena_verified.495
webarena_verified.497,False,shopping_admin,backend_state,497,test,webarena_verified.496
webarena_verified.498,False,shopping_admin,backend_state,498,test,webarena_verified.497
webarena_verified.499,False,shopping_admin,backend_state,499,train,webarena_verified.498
webarena_verified.500,False,shopping_admin,backend_state,500,train,webarena_verified.499
webarena_verified.501,False,shopping_admin,backend_state,501,train,webarena_verified.500
webarena_verified.502,False,shopping_admin,backend_state,502,test,webarena_verified.501
webarena_verified.503,False,shopping_admin,backend_state,503,train,webarena_verified.502
webarena_verified.504,False,shopping_admin,backend_state,504,test,webarena_verified.503
webarena_verified.505,False,shopping_admin,backend_state,505,train,webarena_verified.504
webarena_verified.506,False,shopping,backend_state,506,train,webarena_verified.469
webarena_verified.507,False,shopping,backend_state,507,train,webarena_verified.506
webarena_verified.508,False,shopping,backend_state,508,test,webarena_verified.507
webarena_verified.509,False,shopping,backend_state,509,test,webarena_verified.508
webarena_verified.510,False,shopping,backend_state,510,test,webarena_verified.509
webarena_verified.511,False,shopping,program_html,511,test,webarena_verified.510
webarena_verified.512,False,shopping,program_html,512,train,webarena_verified.511
webarena_verified.513,False,shopping,program_html,513,train,webarena_verified.512
webarena_verified.514,False,shopping,program_html,514,test,webarena_verified.513
webarena_verified.515,False,shopping,program_html,515,train,webarena_verified.514
webarena_verified.516,False,shopping,backend_state,516,train,webarena_verified.515
webarena_verified.517,False,shopping,backend_state,517,test,webarena_verified.516
webarena_verified.518,False,shopping,backend_state,518,test,webarena_verified.517
webarena_verified.519,False,shopping,backend_state,519,test,webarena_verified.518
webarena_verified.520,False,shopping,backend_state,520,train,webarena_verified.519
webarena_verified.521,False,shopping,backend_state,521,test,webarena_verified.520
webarena_verified.522,False,gitlab,backend_state,522,test,webarena_verified.485
webarena_verified.523,False,gitlab,backend_state,523,train,webarena_verified.522
webarena_verified.524,False,gitlab,backend_state,524,test,webarena_verified.523
webarena_verified.525,False,gitlab,backend_state,525,train,webarena_verified.524
webarena_verified.526,False,gitlab,backend_state,526,train,webarena_verified.525
webarena_verified.527,False,gitlab,backend_state,527,test,webarena_verified.526
webarena_verified.528,False,shopping,program_html,528,train,webarena_verified.521
webarena_verified.529,False,shopping,program_html,529,test,webarena_verified.528
webarena_verified.530,False,shopping,program_html,530,test,webarena_verified.529
webarena_verified.531,False,shopping,program_html,531,train,webarena_verified.530
webarena_verified.532,False,shopping,program_html,532,train,webarena_verified.531
webarena_verified.533,False,gitlab,backend_state,533,test,webarena_verified.527
webarena_verified.534,False,gitlab,backend_state,534,train,webarena_verified.533
webarena_verified.535,False,gitlab,backend_state,535,test,webarena_verified.534
webarena_verified.536,False,gitlab,backend_state,536,train,webarena_verified.535
webarena_verified.537,False,gitlab,backend_state,537,train,webarena_verified.536
webarena_verified.538,False,shopping_admin,backend_state,538,train,webarena_verified.505
webarena_verified.539,False,shopping_admin,backend_state,539,train,webarena_verified.538
webarena_verified.540,False,shopping_admin,backend_state,540,test,webarena_verified.539
webarena_verified.541,False,shopping_admin,backend_state,541,test,webarena_verified.540
webarena_verified.542,False,shopping_admin,backend_state,542,train,webarena_verified.541
webarena_verified.543,False,shopping_admin,backend_state,543,test,webarena_verified.542
webarena_verified.544,False,shopping_admin,backend_state,544,test,webarena_verified.543
webarena_verified.545,False,shopping_admin,backend_state,545,test,webarena_verified.544
webarena_verified.546,False,shopping_admin,retrieve_value,546,train,webarena_verified.545
webarena_verified.547,False,shopping_admin,backend_state,547,train,webarena_verified.546
webarena_verified.548,False,shopping_admin,backend_state,548,train,webarena_verified.547
webarena_verified.549,False,shopping_admin,backend_state,549,test,webarena_verified.548
webarena_verified.550,False,shopping_admin,backend_state,550,train,webarena_verified.549
webarena_verified.551,False,shopping_admin,backend_state,551,test,webarena_verified.550
webarena_verified.552,False,gitlab reddit,program_html,552,test,webarena_verified.537 webarena_verified.410
webarena_verified.553,False,gitlab reddit,program_html,553,test,webarena_verified.552
webarena_verified.554,False,gitlab reddit,program_html,554,test,webarena_verified.553
webarena_verified.555,False,gitlab reddit,program_html,555,test,webarena_verified.554
webarena_verified.556,False,gitlab wikipedia,program_html,556,train,webarena_verified.555
webarena_verified.557,False,gitlab wikipedia,program_html,557,test,webarena_verified.556
webarena_verified.558,False,gitlab wikipedia,program_html,558,train,webarena_verified.557
webarena_verified.559,False,gitlab wikipedia,program_html,559,train,webarena_verified.558
webarena_verified.560,False,gitlab wikipedia,program_html,560,test,webarena_verified.559
webarena_verified.561,False,gitlab wikipedia,program_html,561,test,webarena_verified.560
webarena_verified.562,False,gitlab reddit,program_html,562,train,webarena_verified.561 webarena_verified.555
webarena_verified.563,False,gitlab reddit,program_html,563,train,webarena_verified.562
webarena_verified.564,False,gitlab reddit,program_html,564,train,webarena_verified.563
webarena_verified.565,False,gitlab reddit,program_html,565,test,webarena_verified.564
webarena_verified.566,False,gitlab reddit,program_html,566,test,webarena_verified.565
webarena_verified.567,False,gitlab,backend_state,567,test,webarena_verified.566
webarena_verified.568,False,gitlab,backend_state,568,train,webarena_verified.567
webarena_verified.569,False,gitlab,backend_state,569,train,webarena_verified.568
webarena_verified.570,False,gitlab,backend_state,570,test,webarena_verified.569
webarena_verified.571,False,shopping,backend_state,571,test,webarena_verified.532
webarena_verified.572,False,shopping,backend_state,572,train,webarena_verified.571
webarena_verified.573,False,shopping,backend_state,573,train,webarena_verified.572
webarena_verified.574,False,shopping,backend_state,574,test,webarena_verified.573
webarena_verified.575,False,shopping,backend_state,575,train,webarena_verified.574
webarena_verified.576,False,gitlab,backend_state,576,test,webarena_verified.570
webarena_verified.577,False,gitlab,backend_state,577,train,webarena_verified.576
webarena_verified.578,False,gitlab,backend_state,578,test,webarena_verified.577
webarena_verified.579,False,gitlab,backend_state,579,train,webarena_verified.578
webarena_verified.580,False,reddit,backend_state,580,train,webarena_verified.566
webarena_verified.581,False,reddit,backend_state,581,train,webarena_verified.580
webarena_verified.582,False,reddit,backend_state,582,test,webarena_verified.581
webarena_verified.583,False,reddit,backend_state,583,test,webarena_verified.582
webarena_verified.584,False,reddit,backend_state,584,train,webarena_verified.583
webarena_verified.585,False,shopping,backend_state,585,train,webarena_verified.575
webarena_verified.586,False,shopping,backend_state,586,test,webarena_verified.585
webarena_verified.587,False,shopping,backend_state,587,train,webarena_verified.586
webarena_verified.588,False,shopping,backend_state,588,train,webarena_verified.587
webarena_verified.589,False,shopping,backend_state,589,test,webarena_verified.588
webarena_verified.590,False,gitlab,backend_state,590,train,webarena_verified.579
webarena_verified.591,False,gitlab,backend_state,591,test,webarena_verified.590
webarena_verified.592,False,gitlab,backend_state,592,test,webarena_verified.591
webarena_verified.593,False,gitlab,backend_state,593,test,webarena_verified.592
webarena_verified.594,False,gitlab,backend_state,594,train,webarena_verified.593
webarena_verified.595,False,reddit,backend_state,595,train,webarena_verified.584
webarena_verified.596,False,reddit,backend_state,596,test,webarena_verified.595
webarena_verified.597,False,reddit,backend_state,597,train,webarena_verified.596
webarena_verified.598,False,reddit,backend_state,598,train,webarena_verified.597
webarena_verified.599,False,reddit,backend_state,599,test,webarena_verified.598
webarena_verified.600,False,reddit,backend_state,600,test,webarena_verified.599
webarena_verified.601,False,reddit,backend_state,601,train,webarena_verified.600
webarena_verified.602,False,reddit,backend_state,602,train,webarena_verified.601
webarena_verified.603,False,reddit,backend_state,603,train,webarena_verified.602
webarena_verified.604,False,reddit,backend_state,604,test,webarena_verified.603
webarena_verified.605,False,reddit,backend_state,605,train,webarena_verified.604
webarena_verified.606,False,reddit,backend_state,606,train,webarena_verified.605
webarena_verified.607,False,reddit,backend_state,607,test,webarena_verified.606
webarena_verified.608,False,reddit,backend_state,608,test,webarena_verified.607
webarena_verified.609,False,reddit,backend_state,609,train,webarena_verified.608
webarena_verified.610,False,reddit,backend_state,610,train,webarena_verified.609
webarena_verified.611,False,reddit,backend_state,611,train,webarena_verified.610
webarena_verified.612,False,reddit,backend_state,612,test,webarena_verified.611
webarena_verified.613,False,reddit,backend_state,613,train,webarena_verified.612
webarena_verified.614,False,reddit,backend_state,614,test,webarena_verified.613
webarena_verified.615,False,reddit,ui_state,615,test,webarena_verified.614
webarena_verified.616,False,reddit,ui_state,616,test,webarena_verified.615
webarena_verified.617,False,reddit,ui_state,617,train,webarena_verified.616
webarena_verified.618,False,reddit,ui_state,618,train,webarena_verified.617
webarena_verified.619,False,reddit,ui_state,619,train,webarena_verified.618
webarena_verified.620,False,reddit,backend_state,620,train,webarena_verified.619
webarena_verified.621,False,reddit,backend_state,621,train,webarena_verified.620
webarena_verified.622,False,reddit,backend_state,622,train,webarena_verified.621
webarena_verified.623,False,reddit,backend_state,623,test,webarena_verified.622
webarena_verified.624,False,reddit,backend_state,624,test,webarena_verified.623
webarena_verified.625,False,reddit,backend_state,625,train,webarena_verified.624
webarena_verified.626,False,reddit,backend_state,626,train,webarena_verified.625
webarena_verified.627,False,reddit,backend_state,627,train,webarena_verified.626
webarena_verified.628,False,reddit,backend_state,628,test,webarena_verified.627
webarena_verified.629,False,reddit,backend_state,629,test,webarena_verified.628
webarena_verified.630,False,reddit,backend_state,630,test,webarena_verified.629
webarena_verified.631,False,reddit,backend_state,631,train,webarena_verified.630
webarena_verified.632,False,reddit,backend_state,632,train,webarena_verified.631
webarena_verified.633,False,reddit,backend_state,633,test,webarena_verified.632
webarena_verified.634,False,reddit,backend_state,634,train,webarena_verified.633
webarena_verified.635,False,reddit,backend_state,635,train,webarena_verified.634
webarena_verified.636,False,reddit,backend_state,636,train,webarena_verified.635
webarena_verified.637,False,reddit,backend_state,637,train,webarena_verified.636
webarena_verified.638,False,reddit,ui_state,638,test,webarena_verified.637
webarena_verified.639,False,reddit,backend_state,639,test,webarena_verified.638
webarena_verified.640,False,reddit,backend_state,640,train,webarena_verified.639
webarena_verified.641,False,reddit,backend_state,641,test,webarena_verified.640
webarena_verified.642,False,reddit,backend_state,642,test,webarena_verified.641
webarena_verified.643,False,reddit,backend_state,643,train,webarena_verified.642
webarena_verified.644,False,reddit,backend_state,644,train,webarena_verified.643
webarena_verified.645,False,reddit,backend_state,645,train,webarena_verified.644
webarena_verified.646,False,reddit,backend_state,646,train,webarena_verified.645
webarena_verified.647,False,reddit,backend_state,647,train,webarena_verified.646
webarena_verified.648,False,reddit,backend_state,648,test,webarena_verified.647
webarena_verified.649,False,reddit,backend_state,649,test,webarena_verified.648
webarena_verified.650,False,reddit,backend_state,650,train,webarena_verified.649
webarena_verified.651,False,reddit,backend_state,651,train,webarena_verified.650
webarena_verified.652,False,reddit,backend_state,652,train,webarena_verified.651
webarena_verified.653,False,shopping,ui_state,653,train,webarena_verified.589
webarena_verified.654,False,shopping,ui_state,654,test,webarena_verified.653
webarena_verified.655,False,shopping,ui_state,655,test,webarena_verified.654
webarena_verified.656,False,shopping,ui_state,656,train,webarena_verified.655
webarena_verified.657,False,shopping,ui_state,657,train,webarena_verified.656
webarena_verified.658,False,gitlab,backend_state,658,train,webarena_verified.594
webarena_verified.659,False,gitlab,backend_state,659,test,webarena_verified.658
webarena_verified.660,False,gitlab,backend_state,660,test,webarena_verified.659
webarena_verified.661,False,gitlab,backend_state,661,test,webarena_verified.660
webarena_verified.662,False,gitlab,backend_state,662,train,webarena_verified.661
webarena_verified.663,False,gitlab,backend_state,663,train,webarena_verified.662
webarena_verified.664,False,gitlab,backend_state,664,test,webarena_verified.663
webarena_verified.665,False,gitlab,backend_state,665,train,webarena_verified.664
webarena_verified.666,False,gitlab,retrieve_value,666,test,webarena_verified.665
webarena_verified.667,False,gitlab,backend_state,667,test,webarena_verified.666
webarena_verified.668,False,gitlab,retrieve_value,668,test,webarena_verified.667
webarena_verified.669,False,gitlab,backend_state,669,test,webarena_verified.668
webarena_verified.670,False,gitlab,backend_state,670,train,webarena_verified.669
webarena_verified.671,False,shopping reddit,ui_state,671,train,webarena_verified.657 webarena_verified.652
webarena_verified.672,False,shopping reddit,ui_state,672,train,webarena_verified.671
webarena_verified.673,False,shopping reddit,ui_state,673,test,webarena_verified.672
webarena_verified.674,False,shopping reddit,ui_state,674,test,webarena_verified.673
webarena_verified.675,False,shopping reddit,ui_state,675,train,webarena_verified.674
webarena_verified.676,False,shopping_admin,ui_state,676,test,webarena_verified.551
webarena_verified.677,False,shopping_admin,ui_state,677,test,webarena_verified.676
webarena_verified.678,False,shopping_admin,ui_state,678,train,webarena_verified.677
webarena_verified.679,False,shopping_admin,ui_state,679,train,webarena_verified.678
webarena_verified.680,False,shopping_admin,ui_state,680,train,webarena_verified.679
webarena_verified.681,False,reddit gitlab,ui_state,681,train,webarena_verified.675 webarena_verified.670
webarena_verified.682,False,reddit gitlab,ui_state,682,train,webarena_verified.681
webarena_verified.683,False,reddit gitlab,ui_state,683,test,webarena_verified.682
webarena_verified.684,False,reddit gitlab,ui_state,684,train,webarena_verified.683
webarena_verified.685,False,reddit gitlab,ui_state,685,train,webarena_verified.684
webarena_verified.686,False,reddit gitlab,ui_state,686,train,webarena_verified.685
webarena_verified.687,False,reddit gitlab,ui_state,687,test,webarena_verified.686
webarena_verified.688,False,reddit gitlab,ui_state,688,test,webarena_verified.687
webarena_verified.689,False,shopping,ui_state,689,test,webarena_verified.675
webarena_verified.690,False,shopping,ui_state,690,test,webarena_verified.689
webarena_verified.691,False,shopping,ui_state,691,train,webarena_verified.690
webarena_verified.692,False,shopping,ui_state,692,train,webarena_verified.691
webarena_verified.693,False,shopping,ui_state,693,train,webarena_verified.692
webarena_verified.694,False,shopping_admin,backend_state,694,train,webarena_verified.680
webarena_verified.695,False,shopping_admin,backend_state,695,train,webarena_verified.694
webarena_verified.696,False,shopping_admin,backend_state,696,test,webarena_verified.695
webarena_verified.697,False,shopping_admin,backend_state,697,train,webarena_verified.696
webarena_verified.698,False,shopping_admin,backend_state,698,test,webarena_verified.697
webarena_verified.699,False,shopping_admin,backend_state,699,train,webarena_verified.698
webarena_verified.700,False,shopping_admin,backend_state,700,test,webarena_verified.699
webarena_verified.701,False,shopping_admin,backend_state,701,test,webarena_verified.700
webarena_verified.702,False,shopping_admin,backend_state,702,train,webarena_verified.701
webarena_verified.703,False,shopping_admin,backend_state,703,train,webarena_verified.702
webarena_verified.704,False,shopping_admin,ui_state,704,test,webarena_verified.703
webarena_verified.705,False,shopping_admin,ui_state,705,test,webarena_verified.704
webarena_verified.706,False,shopping_admin,ui_state,706,train,webarena_verified.705
webarena_verified.707,False,shopping_admin,ui_state,707,train,webarena_verified.706
webarena_verified.708,False,shopping_admin,ui_state,708,train,webarena_verified.707
webarena_verified.709,False,shopping_admin,ui_state,709,test,webarena_verified.708
webarena_verified.710,False,shopping_admin,ui_state,710,test,webarena_verified.709
webarena_verified.711,False,shopping_admin,ui_state,711,train,webarena_verified.710
webarena_verified.712,False,shopping_admin,ui_state,712,train,webarena_verified.711
webarena_verified.713,False,shopping_admin,ui_state,713,train,webarena_verified.712
webarena_verified.714,False,reddit,backend_state,714,train,webarena_verified.688
webarena_verified.715,False,reddit,backend_state,715,train,webarena_verified.714
webarena_verified.716,False,reddit,backend_state,716,train,webarena_verified.715
webarena_verified.717,False,reddit,backend_state,717,test,webarena_verified.716
webarena_verified.718,False,reddit,backend_state,718,test,webarena_verified.717
webarena_verified.719,False,reddit,backend_state,719,train,webarena_verified.718
webarena_verified.720,False,reddit,backend_state,720,test,webarena_verified.719
webarena_verified.721,False,reddit,backend_state,721,train,webarena_verified.720
webarena_verified.722,False,reddit,backend_state,722,train,webarena_verified.721
webarena_verified.723,False,reddit,backend_state,723,test,webarena_verified.722
webarena_verified.724,False,reddit,backend_state,724,test,webarena_verified.723
webarena_verified.725,False,reddit,backend_state,725,test,webarena_verified.724
webarena_verified.726,False,reddit,backend_state,726,test,webarena_verified.725
webarena_verified.727,False,reddit,backend_state,727,train,webarena_verified.726
webarena_verified.728,False,reddit,backend_state,728,train,webarena_verified.727
webarena_verified.729,False,reddit,backend_state,729,train,webarena_verified.728
webarena_verified.730,False,reddit,backend_state,730,test,webarena_verified.729
webarena_verified.731,False,reddit,backend_state,731,test,webarena_verified.730
webarena_verified.732,False,reddit,backend_state,732,train,webarena_verified.731
webarena_verified.733,False,reddit,backend_state,733,train,webarena_verified.732
webarena_verified.734,False,reddit,program_html,734,train,webarena_verified.733
webarena_verified.735,False,reddit,program_html,735,test,webarena_verified.734
webarena_verified.736,False,gitlab,backend_state,736,train,webarena_verified.688
webarena_verified.737,False,wikipedia map,program_html,737,train,webarena_verified.430
webarena_verified.738,False,wikipedia map,program_html,738,test,webarena_verified.737
webarena_verified.739,False,wikipedia map,program_html,739,train,webarena_verified.738
webarena_verified.740,False,wikipedia map,program_html,740,test,webarena_verified.739
webarena_verified.741,False,wikipedia map,program_html,741,train,webarena_verified.740
webarena_verified.742,False,gitlab,backend_state,742,test,webarena_verified.736
webarena_verified.743,False,gitlab,backend_state,743,test,webarena_verified.742
webarena_verified.744,False,gitlab,backend_state,744,test,webarena_verified.743
webarena_verified.745,False,gitlab,backend_state,745,test,webarena_verified.744
webarena_verified.746,False,gitlab,backend_state,746,train,webarena_verified.745
webarena_verified.747,False,gitlab,backend_state,747,train,webarena_verified.746
webarena_verified.748,False,gitlab,backend_state,748,train,webarena_verified.747
webarena_verified.749,False,gitlab,backend_state,749,test,webarena_verified.748
webarena_verified.750,False,gitlab,backend_state,750,test,webarena_verified.749
webarena_verified.751,False,gitlab,backend_state,751,train,webarena_verified.750
webarena_verified.752,False,gitlab,backend_state,752,train,webarena_verified.751
webarena_verified.753,False,gitlab,backend_state,753,test,webarena_verified.752
webarena_verified.754,False,gitlab,backend_state,754,train,webarena_verified.753
webarena_verified.755,False,gitlab,backend_state,755,test,webarena_verified.754
webarena_verified.756,False,gitlab,backend_state,756,train,webarena_verified.755
webarena_verified.757,False,map,program_html,757,test,webarena_verified.741
webarena_verified.758,False,map,program_html,758,test,webarena_verified.757
webarena_verified.759,False,map shopping_admin,program_html,759,test,webarena_verified.758 webarena_verified.713
webarena_verified.760,False,map shopping_admin,program_html,760,test,webarena_verified.759
webarena_verified.761,False,map,program_html,761,train,webarena_verified.760
webarena_verified.762,False,map,program_html,762,train,webarena_verified.761
webarena_verified.763,False,map,program_html,763,test,webarena_verified.762
webarena_verified.764,False,map,program_html,764,test,webarena_verified.763
webarena_verified.765,False,map,program_html,765,train,webarena_verified.764
webarena_verified.766,False,map,program_html,766,train,webarena_verified.765
webarena_verified.767,False,map,program_html,767,train,webarena_verified.766
webarena_verified.768,False,shopping_admin,backend_state,768,test,webarena_verified.760
webarena_verified.769,False,shopping_admin,backend_state,769,test,webarena_verified.768
webarena_verified.770,False,shopping_admin,backend_state,770,train,webarena_verified.769
webarena_verified.771,False,shopping_admin,backend_state,771,test,webarena_verified.770
webarena_verified.772,False,shopping_admin,backend_state,772,test,webarena_verified.771
webarena_verified.773,False,shopping_admin,backend_state,773,train,webarena_verified.772
webarena_verified.774,False,shopping_admin,backend_state,774,train,webarena_verified.773
webarena_verified.775,False,shopping_admin,backend_state,775,train,webarena_verified.774
webarena_verified.776,False,shopping_admin,backend_state,776,test,webarena_verified.775
webarena_verified.777,False,shopping_admin,backend_state,777,train,webarena_verified.776
webarena_verified.778,False,shopping_admin,backend_state,778,test,webarena_verified.777
webarena_verified.779,False,shopping_admin,backend_state,779,train,webarena_verified.778
webarena_verified.780,False,shopping_admin,backend_state,780,test,webarena_verified.779
webarena_verified.781,False,shopping_admin,backend_state,781,train,webarena_verified.780
webarena_verified.782,False,shopping_admin,backend_state,782,test,webarena_verified.781
webarena_verified.783,False,gitlab,retrieve_value,783,train,webarena_verified.756
webarena_verified.784,False,gitlab,retrieve_value,784,test,webarena_verified.783
webarena_verified.785,False,gitlab,retrieve_value,785,test,webarena_verified.784
webarena_verified.786,False,gitlab,retrieve_value,786,test,webarena_verified.785
webarena_verified.787,False,gitlab,retrieve_value,787,test,webarena_verified.786
webarena_verified.788,False,gitlab,retrieve_value,788,test,webarena_verified.787
webarena_verified.789,False,gitlab,retrieve_value,789,test,webarena_verified.788
webarena_verified.790,False,shopping_admin,retrieve_value,790,test,webarena_verified.782
webarena_verified.791,False,gitlab reddit,string_match,791,train,webarena_verified.789 webarena_verified.735
webarena_verified.792,False,shopping,retrieve_value,792,test,webarena_verified.693
webarena_verified.793,False,shopping,retrieve_value,793,train,webarena_verified.792
webarena_verified.794,False,shopping,retrieve_value,794,test,webarena_verified.793
webarena_verified.795,False,shopping,retrieve_value,795,train,webarena_verified.794
webarena_verified.796,False,shopping,retrieve_value,796,train,webarena_verified.795
webarena_verified.797,False,shopping,retrieve_value,797,test,webarena_verified.796
webarena_verified.798,False,shopping,retrieve_value,798,train,webarena_verified.797
webarena_verified.799,False,gitlab,backend_state,799,train,webarena_verified.791
webarena_verified.800,False,gitlab,backend_state,800,test,webarena_verified.799
webarena_verified.801,False,gitlab,backend_state,801,train,webarena_verified.800
webarena_verified.802,False,gitlab,backend_state,802,train,webarena_verified.801
webarena_verified.803,False,gitlab,backend_state,803,test,webarena_verified.802
webarena_verified.804,False,gitlab,backend_state,804,train,webarena_verified.803
webarena_verified.805,False,gitlab,backend_state,805,test,webarena_verified.804
webarena_verified.806,False,gitlab,backend_state,806,test,webarena_verified.805
webarena_verified.807,False,gitlab,backend_state,807,train,webarena_verified.806
webarena_verified.808,False,gitlab,backend_state,808,train,webarena_verified.807
webarena_verified.809,False,gitlab,backend_state,809,train,webarena_verified.808
webarena_verified.810,False,gitlab,backend_state,810,test,webarena_verified.809
webarena_verified.811,False,gitlab,backend_state,811,test,webarena_verified.810
