task_name,requires_reset,sites,eval_types,reasoning_difficulty,visual_difficulty,overall_difficulty
visualwebarena.0,False,classifieds,medium,easy,medium,url_match
visualwebarena.1,False,classifieds,medium,easy,medium,url_match
visualwebarena.2,False,classifieds,medium,easy,medium,url_match
visualwebarena.3,False,classifieds,medium,easy,medium,url_match
visualwebarena.4,True,classifieds,hard,easy,hard,program_html
visualwebarena.5,True,classifieds,medium,easy,medium,program_html
visualwebarena.6,False,classifieds,medium,easy,medium,string_match
visualwebarena.7,False,classifieds,medium,easy,medium,string_match
visualwebarena.8,True,classifieds,hard,medium,hard,program_html page_image_query
visualwebarena.9,True,classifieds,hard,medium,hard,program_html page_image_query
visualwebarena.10,False,classifieds,easy,easy,easy,string_match
visualwebarena.11,False,classifieds,easy,easy,easy,string_match
visualwebarena.12,False,classifieds,easy,easy,easy,string_match
visualwebarena.13,False,classifieds,easy,easy,easy,string_match
visualwebarena.14,False,classifieds,easy,easy,easy,string_match
visualwebarena.15,False,classifieds,easy,easy,easy,string_match
visualwebarena.16,False,classifieds,easy,medium,medium,string_match
visualwebarena.17,False,classifieds,medium,easy,medium,url_match
visualwebarena.18,False,classifieds,medium,easy,medium,url_match
visualwebarena.19,False,classifieds,medium,easy,medium,url_match
visualwebarena.20,False,classifieds,medium,easy,medium,url_match
visualwebarena.21,False,classifieds,medium,easy,medium,url_match
visualwebarena.22,False,classifieds,easy,easy,easy,string_match
visualwebarena.23,False,classifieds,easy,easy,easy,string_match
visualwebarena.24,False,classifieds,easy,easy,easy,string_match
visualwebarena.25,False,classifieds,hard,easy,medium,string_match
visualwebarena.26,False,classifieds,hard,easy,medium,string_match
visualwebarena.27,False,classifieds,hard,medium,hard,string_match
visualwebarena.28,True,classifieds,hard,medium,hard,program_html
visualwebarena.29,True,classifieds,hard,easy,medium,program_html
visualwebarena.30,True,classifieds,hard,easy,medium,program_html
visualwebarena.31,True,classifieds,hard,easy,medium,program_html
visualwebarena.32,False,classifieds,hard,medium,medium,program_html
visualwebarena.33,False,classifieds,hard,easy,medium,program_html
visualwebarena.34,False,classifieds,hard,hard,hard,string_match
visualwebarena.35,False,classifieds,hard,easy,hard,string_match
visualwebarena.36,False,classifieds shopping,hard,easy,hard,string_match
visualwebarena.37,False,classifieds shopping,hard,medium,hard,string_match
visualwebarena.38,False,classifieds,hard,easy,hard,string_match
visualwebarena.39,False,classifieds,hard,easy,hard,string_match
visualwebarena.40,False,classifieds,medium,easy,medium,string_match
visualwebarena.41,False,classifieds,easy,easy,easy,string_match
visualwebarena.42,False,classifieds,easy,easy,easy,string_match
visualwebarena.43,False,classifieds,easy,easy,easy,string_match
visualwebarena.44,False,classifieds,hard,medium,medium,url_match
visualwebarena.45,False,classifieds,medium,medium,medium,url_match
visualwebarena.46,False,classifieds,hard,medium,hard,url_match
visualwebarena.47,False,classifieds,hard,medium,hard,url_match
visualwebarena.48,False,classifieds,medium,medium,medium,url_match
visualwebarena.49,False,classifieds,easy,easy,easy,string_match
visualwebarena.50,False,classifieds,easy,easy,easy,string_match
visualwebarena.51,False,classifieds,medium,hard,hard,url_match
visualwebarena.52,False,classifieds,easy,medium,easy,url_match
visualwebarena.53,False,classifieds,easy,easy,easy,url_match
visualwebarena.54,False,classifieds,easy,easy,easy,url_match
visualwebarena.55,False,classifieds,easy,easy,easy,url_match
visualwebarena.56,False,classifieds,easy,easy,easy,url_match
visualwebarena.57,True,classifieds,hard,easy,medium,program_html
visualwebarena.58,False,classifieds,medium,easy,medium,url_match
visualwebarena.59,False,classifieds,medium,medium,medium,url_match
visualwebarena.60,False,classifieds,hard,medium,medium,url_match
visualwebarena.61,False,classifieds,hard,medium,medium,url_match
visualwebarena.62,False,classifieds,hard,medium,medium,url_match
visualwebarena.63,False,classifieds,medium,hard,hard,url_match
visualwebarena.64,False,classifieds,medium,medium,medium,url_match
visualwebarena.65,False,classifieds,medium,medium,medium,url_match
visualwebarena.66,False,classifieds,medium,medium,medium,url_match
visualwebarena.67,False,classifieds,medium,medium,medium,url_match
visualwebarena.68,False,classifieds,medium,easy,easy,url_match
visualwebarena.69,False,classifieds,hard,hard,hard,url_match
visualwebarena.70,False,classifieds,medium,medium,medium,url_match
visualwebarena.71,False,classifieds,hard,medium,hard,url_match
visualwebarena.72,False,classifieds,hard,medium,hard,url_match
visualwebarena.73,False,classifieds,medium,medium,medium,url_match
visualwebarena.74,False,classifieds,medium,easy,easy,url_match
visualwebarena.75,False,classifieds,hard,easy,hard,program_html
visualwebarena.76,True,classifieds,hard,easy,hard,program_html
visualwebarena.77,True,classifieds,hard,easy,hard,program_html
visualwebarena.78,False,classifieds,easy,medium,medium,url_match
visualwebarena.79,False,classifieds,easy,medium,medium,url_match
visualwebarena.80,False,classifieds,easy,medium,medium,string_match
visualwebarena.81,False,classifieds,medium,hard,hard,url_match
visualwebarena.82,False,classifieds,medium,medium,medium,url_match string_match
visualwebarena.83,False,classifieds,easy,medium,medium,string_match
visualwebarena.84,False,classifieds,hard,medium,hard,url_match string_match
visualwebarena.85,False,classifieds,hard,medium,hard,url_match string_match
visualwebarena.86,False,classifieds,medium,easy,medium,url_match
visualwebarena.87,False,classifieds,easy,medium,easy,url_match
visualwebarena.88,False,classifieds,medium,medium,medium,url_match
visualwebarena.89,False,classifieds,medium,easy,easy,url_match
visualwebarena.90,False,classifieds,medium,medium,medium,url_match
visualwebarena.91,False,classifieds,medium,medium,medium,url_match
visualwebarena.92,False,classifieds,medium,hard,hard,url_match
visualwebarena.93,False,classifieds,easy,medium,medium,url_match
visualwebarena.94,False,classifieds,easy,easy,easy,url_match
visualwebarena.95,False,classifieds,hard,easy,hard,program_html
visualwebarena.96,False,classifieds,easy,medium,easy,url_match string_match
visualwebarena.97,False,classifieds,medium,easy,easy,url_match
visualwebarena.98,False,classifieds,medium,easy,easy,string_match
visualwebarena.99,False,classifieds,hard,hard,hard,url_match string_match
visualwebarena.100,False,classifieds,hard,hard,hard,string_match
visualwebarena.101,False,classifieds,medium,hard,hard,url_match
visualwebarena.102,False,classifieds,medium,hard,hard,string_match
visualwebarena.103,False,classifieds,medium,medium,medium,url_match
visualwebarena.104,False,classifieds,hard,hard,hard,program_html
visualwebarena.105,False,classifieds,medium,hard,hard,url_match
visualwebarena.106,False,classifieds,medium,medium,medium,string_match
visualwebarena.107,False,classifieds,medium,hard,hard,string_match
visualwebarena.108,False,classifieds,medium,medium,medium,string_match
visualwebarena.109,False,classifieds,medium,medium,medium,string_match
visualwebarena.110,False,classifieds,hard,hard,hard,string_match
visualwebarena.111,False,classifieds,medium,hard,hard,string_match
visualwebarena.112,False,classifieds,medium,hard,hard,url_match
visualwebarena.113,False,classifieds,hard,hard,hard,url_match
visualwebarena.114,False,classifieds,medium,medium,medium,url_match
visualwebarena.115,False,classifieds,medium,medium,medium,url_match
visualwebarena.116,False,classifieds,medium,medium,medium,url_match
visualwebarena.117,False,classifieds,medium,medium,medium,url_match
visualwebarena.118,False,classifieds,easy,medium,medium,string_match
visualwebarena.119,False,classifieds,easy,medium,medium,string_match
visualwebarena.120,False,classifieds,easy,medium,medium,string_match
visualwebarena.121,False,classifieds,easy,medium,medium,url_match
visualwebarena.122,False,classifieds,hard,medium,hard,url_match string_match
visualwebarena.123,False,classifieds,easy,medium,medium,url_match
visualwebarena.124,False,classifieds,easy,easy,easy,url_match
visualwebarena.125,False,classifieds,easy,easy,easy,url_match
visualwebarena.126,False,classifieds,medium,hard,hard,url_match
visualwebarena.127,False,classifieds,medium,hard,hard,url_match
visualwebarena.128,False,classifieds,easy,hard,medium,string_match
visualwebarena.129,False,classifieds,easy,medium,easy,string_match
visualwebarena.130,False,classifieds,medium,medium,medium,url_match
visualwebarena.131,False,classifieds,hard,hard,hard,url_match
visualwebarena.132,False,classifieds,easy,hard,medium,url_match
visualwebarena.133,False,classifieds,hard,medium,hard,program_html
visualwebarena.134,False,classifieds,easy,medium,medium,url_match
visualwebarena.135,False,classifieds,easy,medium,medium,string_match
visualwebarena.136,False,classifieds,hard,hard,hard,string_match
visualwebarena.137,False,classifieds,hard,hard,hard,string_match
visualwebarena.138,False,classifieds,hard,hard,hard,string_match
visualwebarena.139,False,classifieds,hard,hard,hard,url_match
visualwebarena.140,False,classifieds,medium,hard,hard,string_match
visualwebarena.141,False,classifieds,hard,hard,hard,url_match
visualwebarena.142,False,classifieds,hard,medium,hard,string_match
visualwebarena.143,True,classifieds,hard,hard,hard,program_html
visualwebarena.144,True,classifieds,hard,hard,hard,program_html
visualwebarena.145,True,classifieds,hard,hard,hard,program_html
visualwebarena.146,False,classifieds,easy,hard,medium,url_match
visualwebarena.147,False,classifieds,easy,hard,hard,url_match
visualwebarena.148,False,classifieds,easy,hard,medium,string_match
visualwebarena.149,False,classifieds,easy,hard,medium,string_match
visualwebarena.150,False,classifieds,easy,hard,medium,string_match
visualwebarena.151,False,classifieds,easy,easy,easy,url_match
visualwebarena.152,False,classifieds,easy,medium,medium,url_match
visualwebarena.153,False,classifieds,easy,hard,medium,url_match
visualwebarena.154,False,classifieds,medium,hard,hard,url_match
visualwebarena.155,False,classifieds,medium,hard,hard,url_match
visualwebarena.156,False,classifieds,medium,hard,hard,url_match
visualwebarena.157,False,classifieds,medium,medium,medium,url_match
visualwebarena.158,False,classifieds,medium,medium,medium,url_match
visualwebarena.159,True,classifieds,hard,medium,hard,program_html
visualwebarena.160,True,classifieds,hard,easy,hard,program_html
visualwebarena.161,False,classifieds,hard,mediun,hard,string_match
visualwebarena.162,False,classifieds,medium,medium,medium,url_match
visualwebarena.163,False,classifieds,easy,hard,medium,string_match
visualwebarena.164,False,classifieds,easy,easy,easy,string_match
visualwebarena.165,False,classifieds,easy,easy,easy,url_match
visualwebarena.166,False,classifieds,easy,easy,easy,url_match
visualwebarena.167,False,classifieds,easy,easy,easy,string_match
visualwebarena.168,False,classifieds,hard,medium,hard,url_match
visualwebarena.169,False,classifieds,hard,easy,medium,url_match
visualwebarena.170,False,classifieds,hard,hard,hard,url_match
visualwebarena.171,False,classifieds,medium,easy,easy,url_match
visualwebarena.172,False,classifieds,easy,easy,easy,url_match
visualwebarena.173,False,classifieds,easy,medium,easy,string_match
visualwebarena.174,False,classifieds,medium,hard,medium,string_match
visualwebarena.175,False,classifieds,hard,medium,hard,url_match
visualwebarena.176,False,classifieds,hard,medium,hard,url_match
visualwebarena.177,False,classifieds,hard,easy,hard,url_match
visualwebarena.178,False,classifieds,hard,medium,hard,string_match
visualwebarena.179,False,classifieds,medium,hard,hard,url_match
visualwebarena.180,False,classifieds,hard,hard,hard,program_html
visualwebarena.181,False,classifieds,medium,medium,medium,url_match
visualwebarena.182,False,classifieds,hard,hard,hard,url_match
visualwebarena.183,False,classifieds,hard,medium,hard,url_match
visualwebarena.184,False,classifieds,hard,hard,hard,url_match
visualwebarena.185,False,classifieds,hard,hard,hard,url_match
visualwebarena.186,False,classifieds,medium,medium,medium,string_match
visualwebarena.187,False,classifieds,easy,hard,medium,url_match
visualwebarena.188,False,classifieds,easy,medium,easy,url_match
visualwebarena.189,False,classifieds,easy,hard,medium,string_match
visualwebarena.190,False,classifieds,easy,hard,medium,url_match
visualwebarena.191,False,classifieds,easy,medium,medium,string_match
visualwebarena.192,False,classifieds,easy,hard,hard,string_match
visualwebarena.193,False,classifieds,easy,medium,easy,url_match
visualwebarena.194,False,classifieds,easy,hard,medium,string_match
visualwebarena.195,False,classifieds,medium,hard,hard,string_match
visualwebarena.196,False,classifieds,medium,hard,hard,string_match
visualwebarena.197,False,classifieds,medium,hard,hard,url_match
visualwebarena.198,False,classifieds,medium,hard,hard,url_match
visualwebarena.199,False,classifieds,easy,medium,medium,string_match
visualwebarena.200,False,classifieds,hard,hard,hard,url_match
visualwebarena.201,False,classifieds,hard,hard,hard,url_match
visualwebarena.202,False,classifieds,hard,hard,hard,url_match
visualwebarena.203,True,classifieds,medium,hard,hard,program_html
visualwebarena.204,False,classifieds,hard,hard,hard,url_match
visualwebarena.205,True,classifieds,medium,hard,hard,program_html
visualwebarena.206,False,classifieds,medium,medium,medium,url_match
visualwebarena.207,False,classifieds,hard,hard,hard,url_match
visualwebarena.208,True,classifieds,medium,medium,medium,program_html
visualwebarena.209,False,classifieds,easy,hard,medium,string_match
visualwebarena.210,False,classifieds,medium,medium,medium,url_match
visualwebarena.211,False,classifieds,hard,hard,hard,url_match
visualwebarena.212,False,classifieds,hard,hard,hard,url_match
visualwebarena.213,True,classifieds,hard,hard,hard,program_html
visualwebarena.214,False,classifieds,hard,hard,hard,url_match
visualwebarena.215,False,classifieds,hard,hard,hard,url_match
visualwebarena.216,False,classifieds,hard,hard,hard,url_match
visualwebarena.217,True,classifieds,hard,hard,hard,program_html
visualwebarena.218,False,classifieds,hard,hard,hard,url_match
visualwebarena.219,False,classifieds,hard,hard,hard,url_match
visualwebarena.220,False,classifieds,hard,hard,hard,string_match
visualwebarena.221,False,classifieds,easy,easy,easy,string_match
visualwebarena.222,False,classifieds,easy,hard,hard,string_match
visualwebarena.223,True,classifieds,medium,hard,hard,program_html
visualwebarena.224,False,classifieds,hard,hard,hard,url_match
visualwebarena.225,False,classifieds,hard,hard,hard,url_match
visualwebarena.226,False,classifieds,hard,hard,hard,url_match
visualwebarena.227,False,classifieds,hard,hard,hard,url_match
visualwebarena.228,False,classifieds,hard,hard,hard,program_html
visualwebarena.229,False,classifieds,hard,hard,hard,program_html
visualwebarena.230,False,classifieds,hard,hard,hard,url_match
visualwebarena.231,False,classifieds,hard,hard,hard,url_match
visualwebarena.232,False,classifieds,hard,hard,hard,url_match
visualwebarena.233,False,classifieds,easy,easy,easy,string_match
visualwebarena.234,False,reddit,easy,medium,easy,url_match
visualwebarena.235,False,reddit,medium,easy,easy,url_match
visualwebarena.236,False,reddit,medium,easy,medium,url_match
visualwebarena.237,False,reddit,medium,easy,easy,string_match
visualwebarena.238,False,reddit,medium,easy,easy,string_match
visualwebarena.239,False,reddit,medium,medium,medium,string_match
visualwebarena.240,False,reddit,hard,medium,hard,string_match
visualwebarena.241,False,reddit,hard,easy,hard,string_match
visualwebarena.242,False,reddit,hard,easy,hard,url_match
visualwebarena.243,False,reddit,medium,easy,medium,url_match
visualwebarena.244,False,reddit,hard,easy,hard,url_match
visualwebarena.245,False,reddit,hard,medium,hard,url_match
visualwebarena.246,False,reddit,hard,hard,hard,url_match
visualwebarena.247,False,reddit,hard,hard,hard,url_match
visualwebarena.248,False,reddit,medium,easy,medium,page_image_query
visualwebarena.249,False,reddit,medium,easy,medium,page_image_query
visualwebarena.250,False,reddit,hard,easy,hard,string_match
visualwebarena.251,False,reddit,medium,easy,medium,url_match
visualwebarena.252,False,reddit,medium,easy,medium,url_match
visualwebarena.253,False,reddit,hard,medium,hard,program_html
visualwebarena.254,False,reddit,hard,medium,hard,program_html
visualwebarena.255,False,reddit,hard,medium,hard,program_html
visualwebarena.256,False,reddit,hard,medium,hard,string_match
visualwebarena.257,False,reddit,hard,medium,hard,string_match
visualwebarena.258,False,reddit,hard,medium,hard,string_match
visualwebarena.259,False,reddit,hard,medium,hard,string_match
visualwebarena.260,False,reddit,hard,medium,hard,string_match
visualwebarena.261,False,reddit,hard,easy,hard,url_match page_image_query
visualwebarena.262,False,reddit,hard,easy,hard,program_html page_image_query
visualwebarena.263,False,reddit,hard,easy,hard,program_html page_image_query
visualwebarena.264,False,reddit,hard,medium,hard,url_match
visualwebarena.265,False,reddit,hard,medium,hard,string_match
visualwebarena.266,False,reddit,hard,medium,hard,url_match
visualwebarena.267,False,reddit,hard,hard,hard,url_match
visualwebarena.268,False,reddit,medium,medium,medium,url_match
visualwebarena.269,False,reddit,medium,medium,medium,url_match
visualwebarena.270,False,reddit,medium,medium,medium,url_match
visualwebarena.271,False,reddit,medium,medium,medium,url_match
visualwebarena.272,False,reddit,medium,hard,hard,url_match
visualwebarena.273,False,reddit,medium,easy,medium,string_match
visualwebarena.274,False,reddit,medium,medium,medium,url_match
visualwebarena.275,False,reddit,medium,medium,medium,url_match
visualwebarena.276,False,reddit,medium,medium,medium,url_match
visualwebarena.277,False,shopping reddit,hard,easy,hard,url_match program_html
visualwebarena.278,False,shopping reddit,hard,easy,hard,url_match program_html page_image_query
visualwebarena.279,False,wikipedia reddit,hard,hard,hard,string_match
visualwebarena.280,False,wikipedia reddit,hard,medium,hard,string_match
visualwebarena.281,False,wikipedia reddit,hard,medium,hard,string_match
visualwebarena.282,False,wikipedia reddit,hard,medium,hard,string_match
visualwebarena.283,False,wikipedia reddit,hard,hard,hard,string_match
visualwebarena.284,False,wikipedia reddit,medium,medium,medium,string_match
visualwebarena.285,False,wikipedia reddit,medium,medium,medium,string_match
visualwebarena.286,False,wikipedia reddit,medium,medium,medium,string_match
visualwebarena.287,False,wikipedia reddit,medium,hard,hard,string_match
visualwebarena.288,False,wikipedia reddit,medium,hard,hard,string_match
visualwebarena.289,False,wikipedia reddit,medium,hard,hard,string_match
visualwebarena.290,False,wikipedia reddit,medium,medium,medium,string_match
visualwebarena.291,False,wikipedia reddit,medium,hard,hard,string_match
visualwebarena.292,False,wikipedia reddit,medium,medium,medium,string_match
visualwebarena.293,False,wikipedia reddit,medium,hard,hard,string_match
visualwebarena.294,False,wikipedia reddit,medium,hard,hard,string_match
visualwebarena.295,False,wikipedia reddit,medium,hard,hard,string_match
visualwebarena.296,False,wikipedia reddit,medium,hard,hard,string_match
visualwebarena.297,False,wikipedia reddit,medium,hard,hard,string_match
visualwebarena.298,False,reddit,easy,hard,medium,string_match
visualwebarena.299,False,wikipedia reddit,medium,hard,hard,string_match
visualwebarena.300,False,wikipedia reddit,medium,hard,medium,string_match
visualwebarena.301,False,wikipedia reddit,medium,medium,medium,string_match
visualwebarena.302,False,wikipedia reddit,medium,medium,medium,string_match
visualwebarena.303,False,reddit,easy,medium,medium,program_html
visualwebarena.304,False,reddit,hard,medium,hard,string_match
visualwebarena.305,False,reddit,hard,medium,hard,program_html
visualwebarena.306,False,reddit,easy,medium,medium,program_html
visualwebarena.307,False,reddit,hard,medium,hard,program_html page_image_query url_match
visualwebarena.308,False,reddit,hard,hard,hard,program_html
visualwebarena.309,False,reddit shopping,hard,hard,hard,program_html
visualwebarena.310,False,reddit,easy,medium,medium,program_html
visualwebarena.311,False,reddit,easy,easy,easy,page_image_query
visualwebarena.312,False,reddit,hard,easy,medium,page_image_query
visualwebarena.313,False,reddit,medium,easy,medium,page_image_query
visualwebarena.314,False,reddit,easy,medium,medium,program_html
visualwebarena.315,False,reddit,easy,medium,medium,program_html
visualwebarena.316,False,reddit,easy,medium,medium,program_html
visualwebarena.317,False,reddit,easy,medium,medium,program_html
visualwebarena.318,False,reddit,medium,medium,medium,program_html
visualwebarena.319,False,reddit wikipedia,hard,hard,hard,program_html
visualwebarena.320,False,reddit,easy,medium,easy,string_match
visualwebarena.321,False,reddit,easy,medium,medium,string_match
visualwebarena.322,False,reddit,medium,medium,medium,program_html
visualwebarena.323,False,reddit,easy,easy,easy,program_html
visualwebarena.324,False,reddit,easy,easy,easy,program_html
visualwebarena.325,False,reddit,easy,easy,easy,program_html
visualwebarena.326,False,reddit,easy,easy,easy,string_match
visualwebarena.327,False,reddit,easy,easy,easy,string_match
visualwebarena.328,False,reddit,easy,easy,easy,string_match
visualwebarena.329,False,reddit,easy,easy,easy,string_match
visualwebarena.330,False,reddit,easy,easy,easy,string_match
visualwebarena.331,False,reddit,easy,easy,easy,string_match
visualwebarena.332,False,reddit,easy,easy,easy,page_image_query
visualwebarena.333,False,reddit,easy,easy,easy,page_image_query
visualwebarena.334,False,reddit,easy,easy,easy,page_image_query
visualwebarena.335,False,reddit,easy,easy,easy,page_image_query
visualwebarena.336,False,reddit,easy,medium,easy,program_html
visualwebarena.337,False,reddit,easy,easy,easy,program_html
visualwebarena.338,False,reddit,easy,easy,easy,program_html
visualwebarena.339,False,reddit,easy,easy,easy,program_html
visualwebarena.340,False,reddit,medium,easy,easy,program_html
visualwebarena.341,False,reddit,easy,easy,easy,program_html
visualwebarena.342,False,reddit,medium,easy,easy,program_html
visualwebarena.343,False,reddit,medium,easy,easy,program_html
visualwebarena.344,False,reddit,medium,easy,easy,program_html
visualwebarena.345,False,reddit,hard,hard,hard,page_image_query
visualwebarena.346,False,reddit,hard,hard,hard,page_image_query
visualwebarena.347,False,reddit,hard,hard,hard,page_image_query
visualwebarena.348,False,reddit,hard,easy,hard,url_match string_match
visualwebarena.349,False,reddit,hard,medium,hard,url_match string_match
visualwebarena.350,False,reddit,hard,easy,hard,url_match string_match
visualwebarena.351,False,wikipedia reddit,medium,medium,medium,string_match
visualwebarena.352,False,wikipedia reddit,medium,medium,medium,string_match
visualwebarena.353,False,wikipedia reddit,medium,easy,easy,string_match
visualwebarena.354,False,reddit,easy,easy,easy,string_match
visualwebarena.355,False,reddit,hard,easy,hard,url_match
visualwebarena.356,False,reddit,hard,easy,hard,url_match
visualwebarena.357,False,reddit,medium,easy,medium,string_match url_match
visualwebarena.358,False,reddit,medium,easy,medium,string_match
visualwebarena.359,False,reddit,medium,easy,medium,string_match url_match
visualwebarena.360,False,reddit,hard,easy,hard,url_match
visualwebarena.361,False,reddit,hard,easy,hard,url_match
visualwebarena.362,False,reddit,hard,easy,hard,url_match
visualwebarena.363,False,reddit,easy,easy,easy,program_html
visualwebarena.364,False,reddit,easy,easy,easy,program_html
visualwebarena.365,False,reddit,easy,easy,easy,program_html
visualwebarena.366,False,reddit,medium,easy,medium,string_match
visualwebarena.367,False,reddit,medium,easy,medium,string_match
visualwebarena.368,False,reddit,medium,easy,medium,string_match
visualwebarena.369,False,reddit,hard,easy,hard,url_match
visualwebarena.370,False,reddit,hard,easy,hard,url_match
visualwebarena.371,False,reddit,hard,easy,hard,url_match
visualwebarena.372,False,reddit,easy,medium,easy,program_html
visualwebarena.373,False,reddit,medium,easy,medium,program_html
visualwebarena.374,False,reddit,medium,easy,medium,program_html
visualwebarena.375,False,reddit,easy,easy,easy,program_html
visualwebarena.376,False,reddit,easy,easy,easy,program_html
visualwebarena.377,False,reddit,easy,easy,easy,program_html
visualwebarena.378,False,reddit,easy,medium,easy,program_html
visualwebarena.379,False,reddit,easy,medium,easy,program_html
visualwebarena.380,False,reddit,easy,medium,easy,program_html
visualwebarena.381,False,reddit,easy,easy,easy,program_html
visualwebarena.382,False,reddit,easy,easy,easy,program_html
visualwebarena.383,False,reddit,easy,easy,easy,program_html
visualwebarena.384,False,reddit,easy,easy,easy,program_html
visualwebarena.385,False,reddit,easy,easy,easy,program_html
visualwebarena.386,False,reddit,easy,easy,easy,program_html
visualwebarena.387,False,reddit,hard,medium,hard,url_match
visualwebarena.388,False,reddit,easy,medium,medium,string_match url_match
visualwebarena.389,False,reddit,hard,medium,hard,url_match
visualwebarena.390,False,reddit,hard,medium,medium,string_match
visualwebarena.391,False,reddit,easy,hard,medium,url_match
visualwebarena.392,True,reddit,hard,easy,medium,program_html
visualwebarena.393,True,reddit,hard,easy,medium,program_html
visualwebarena.394,True,reddit,medium,hard,medium,program_html
visualwebarena.395,False,reddit,hard,easy,medium,url_match
visualwebarena.396,False,reddit,medium,medium,medium,string_match
visualwebarena.397,False,reddit wikipedia,medium,medium,medium,string_match
visualwebarena.398,False,reddit wikipedia,medium,hard,medium,string_match
visualwebarena.399,False,reddit,hard,medium,medium,program_html
visualwebarena.400,False,reddit,hard,easy,medium,program_html
visualwebarena.401,False,reddit,medium,easy,medium,page_image_query
visualwebarena.402,True,reddit,medium,easy,medium,program_html page_image_query
visualwebarena.403,False,reddit,hard,easy,medium,program_html page_image_query
visualwebarena.404,True,reddit,medium,easy,medium,program_html
visualwebarena.405,True,reddit,medium,medium,medium,program_html
visualwebarena.406,True,reddit,medium,hard,medium,program_html
visualwebarena.407,True,reddit,medium,medium,medium,program_html
visualwebarena.408,True,reddit,medium,hard,medium,program_html
visualwebarena.409,False,reddit,hard,medium,medium,string_match
visualwebarena.410,True,reddit,medium,hard,hard,program_html
visualwebarena.411,True,reddit,medium,hard,medium,program_html
visualwebarena.412,True,reddit,medium,medium,medium,program_html
visualwebarena.413,False,reddit,medium,medium,medium,url_match
visualwebarena.414,False,reddit,easy,hard,medium,url_match
visualwebarena.415,False,reddit,hard,hard,hard,program_html
visualwebarena.416,True,reddit,hard,hard,hard,string_match
visualwebarena.417,False,reddit shopping,hard,hard,hard,program_html page_image_query
visualwebarena.418,False,reddit shopping,hard,easy,medium,program_html page_image_query
visualwebarena.419,False,reddit shopping wikipedia,hard,medium,hard,program_html page_image_query
visualwebarena.420,False,reddit shopping wikipedia,hard,medium,hard,program_html page_image_query
visualwebarena.421,False,reddit shopping wikipedia,hard,medium,hard,program_html page_image_query
visualwebarena.422,True,reddit,easy,easy,easy,program_html
visualwebarena.423,True,reddit,easy,easy,easy,program_html
visualwebarena.424,True,reddit,medium,easy,easy,program_html
visualwebarena.425,True,reddit,medium,hard,medium,string_match
visualwebarena.426,True,reddit,medium,medium,medium,string_match
visualwebarena.427,False,reddit,medium,easy,medium,program_html
visualwebarena.428,False,reddit,medium,hard,medium,program_html
visualwebarena.429,False,reddit,medium,hard,medium,program_html
visualwebarena.430,False,reddit,easy,easy,easy,url_match
visualwebarena.431,False,reddit,medium,easy,medium,url_match
visualwebarena.432,False,reddit,medium,medium,medium,program_html
visualwebarena.433,False,reddit,medium,hard,hard,program_html
visualwebarena.434,False,reddit,easy,easy,easy,url_match
visualwebarena.435,False,reddit,easy,easy,easy,url_match
visualwebarena.436,False,reddit,hard,hard,hard,program_html
visualwebarena.437,False,reddit,hard,hard,hard,program_html
visualwebarena.438,False,reddit,easy,easy,easy,url_match
visualwebarena.439,False,reddit,easy,medium,easy,string_match
visualwebarena.440,False,reddit,easy,easy,easy,string_match
visualwebarena.441,True,reddit shopping,hard,easy,hard,program_html page_image_query
visualwebarena.442,True,reddit shopping,hard,medium,hard,program_html page_image_query
visualwebarena.443,True,reddit shopping,hard,medium,hard,program_html page_image_query
visualwebarena.444,False,shopping,medium,easy,medium,program_html
visualwebarena.445,False,shopping,medium,easy,medium,program_html
visualwebarena.446,False,shopping,medium,easy,medium,program_html
visualwebarena.447,False,shopping,medium,easy,medium,url_match
visualwebarena.448,False,shopping,medium,easy,medium,url_match
visualwebarena.449,False,shopping,medium,easy,medium,url_match
visualwebarena.450,False,shopping,hard,easy,hard,string_match
visualwebarena.451,False,shopping,hard,medium,hard,string_match
visualwebarena.452,False,shopping,easy,easy,easy,string_match
visualwebarena.453,False,shopping,medium,easy,medium,url_match
visualwebarena.454,False,shopping,medium,easy,medium,url_match
visualwebarena.455,False,shopping,medium,easy,medium,url_match
visualwebarena.456,False,shopping,medium,easy,medium,url_match
visualwebarena.457,False,shopping,easy,easy,easy,string_match
visualwebarena.458,False,shopping,easy,easy,easy,string_match
visualwebarena.459,False,shopping,easy,easy,easy,string_match
visualwebarena.460,False,shopping,easy,easy,easy,string_match
visualwebarena.461,False,shopping,easy,easy,easy,string_match
visualwebarena.462,False,shopping,medium,easy,medium,string_match
visualwebarena.463,False,shopping,medium,easy,medium,string_match
visualwebarena.464,False,shopping,medium,easy,medium,string_match
visualwebarena.465,False,shopping,medium,easy,medium,string_match
visualwebarena.466,False,shopping,medium,easy,medium,string_match
visualwebarena.467,False,shopping,medium,easy,medium,string_match
visualwebarena.468,False,shopping,easy,easy,easy,url_match
visualwebarena.469,False,shopping,easy,easy,easy,url_match
visualwebarena.470,False,shopping,easy,easy,easy,url_match
visualwebarena.471,False,shopping,easy,easy,easy,url_match
visualwebarena.472,False,shopping,easy,easy,easy,url_match
visualwebarena.473,False,shopping,easy,easy,easy,url_match
visualwebarena.474,False,shopping,easy,medium,medium,url_match
visualwebarena.475,False,shopping,medium,easy,medium,program_html
visualwebarena.476,False,shopping,medium,easy,medium,program_html
visualwebarena.477,False,shopping,medium,easy,medium,string_match
visualwebarena.478,False,shopping,medium,easy,medium,string_match
visualwebarena.479,False,shopping,medium,easy,medium,string_match
visualwebarena.480,False,shopping,easy,easy,easy,program_html
visualwebarena.481,False,shopping,easy,easy,easy,program_html
visualwebarena.482,False,shopping,easy,easy,easy,program_html
visualwebarena.483,False,shopping,easy,easy,easy,program_html
visualwebarena.484,False,shopping,medium,medium,medium,string_match
visualwebarena.485,False,shopping,medium,easy,medium,string_match
visualwebarena.486,False,shopping,medium,easy,medium,string_match
visualwebarena.487,False,shopping,medium,medium,medium,url_match
visualwebarena.488,False,shopping,medium,easy,medium,url_match
visualwebarena.489,False,shopping,medium,medium,medium,url_match
visualwebarena.490,False,shopping,easy,easy,easy,program_html
visualwebarena.491,False,shopping,easy,easy,easy,program_html
visualwebarena.492,False,shopping,easy,easy,easy,program_html
visualwebarena.493,False,shopping,easy,medium,easy,program_html
visualwebarena.494,False,shopping,easy,easy,easy,program_html
visualwebarena.495,False,shopping,easy,medium,medium,program_html
visualwebarena.496,False,shopping,easy,easy,easy,program_html
visualwebarena.497,False,shopping,easy,easy,easy,program_html
visualwebarena.498,False,shopping,easy,medium,medium,program_html
visualwebarena.499,False,shopping,easy,easy,easy,program_html
visualwebarena.500,False,shopping,easy,easy,easy,program_html
visualwebarena.501,False,shopping,easy,hard,hard,program_html
visualwebarena.502,False,shopping,easy,easy,easy,program_html
visualwebarena.503,False,shopping,easy,easy,easy,string_match
visualwebarena.504,False,shopping,easy,easy,easy,string_match
visualwebarena.505,False,shopping,easy,easy,easy,string_match
visualwebarena.506,False,shopping,easy,easy,easy,string_match
visualwebarena.507,False,shopping,easy,easy,easy,string_match
visualwebarena.508,False,shopping,easy,easy,easy,string_match
visualwebarena.509,False,shopping,easy,easy,easy,string_match
visualwebarena.510,False,shopping,medium,easy,medium,string_match
visualwebarena.511,False,shopping,easy,easy,easy,string_match
visualwebarena.512,False,shopping,easy,easy,easy,string_match
visualwebarena.513,False,shopping,easy,easy,easy,string_match
visualwebarena.514,False,shopping,easy,easy,easy,string_match
visualwebarena.515,False,shopping,easy,easy,easy,string_match
visualwebarena.516,False,shopping,easy,easy,easy,program_html
visualwebarena.517,False,shopping,easy,easy,easy,program_html
visualwebarena.518,False,shopping,easy,easy,easy,program_html
visualwebarena.519,False,shopping,easy,easy,easy,program_html
visualwebarena.520,False,shopping,easy,easy,easy,program_html
visualwebarena.521,False,shopping,easy,easy,easy,program_html
visualwebarena.522,False,shopping,easy,easy,easy,program_html
visualwebarena.523,False,shopping,easy,easy,easy,string_match
visualwebarena.524,False,shopping,easy,easy,easy,string_match
visualwebarena.525,False,shopping,easy,easy,easy,string_match
visualwebarena.526,False,shopping,easy,medium,medium,program_html
visualwebarena.527,False,shopping,easy,medium,medium,program_html
visualwebarena.528,False,shopping,easy,medium,medium,program_html
visualwebarena.529,False,shopping,medium,medium,medium,program_html
visualwebarena.530,False,shopping,hard,easy,hard,program_html
visualwebarena.531,False,shopping,hard,easy,hard,program_html
visualwebarena.532,False,shopping,hard,hard,hard,program_html
visualwebarena.533,False,shopping,hard,medium,hard,program_html
visualwebarena.534,False,shopping,hard,medium,medium,string_match
visualwebarena.535,False,shopping,medium,medium,medium,string_match
visualwebarena.536,False,shopping,medium,medium,medium,string_match
visualwebarena.537,False,shopping,medium,medium,medium,program_html
visualwebarena.538,False,shopping,hard,hard,hard,program_html
visualwebarena.539,False,shopping,hard,medium,hard,program_html
visualwebarena.540,False,shopping,medium,easy,medium,program_html
visualwebarena.541,False,shopping,medium,easy,medium,program_html
visualwebarena.542,False,shopping,medium,easy,medium,program_html
visualwebarena.543,False,shopping,medium,medium,medium,program_html
visualwebarena.544,False,shopping,medium,medium,medium,program_html
visualwebarena.545,False,shopping,medium,easy,medium,program_html
visualwebarena.546,False,shopping,medium,easy,medium,program_html
visualwebarena.547,False,shopping,medium,medium,medium,program_html
visualwebarena.548,False,shopping,easy,medium,medium,program_html
visualwebarena.549,False,shopping,easy,medium,medium,program_html
visualwebarena.550,False,shopping,medium,medium,medium,program_html
visualwebarena.551,False,shopping,hard,hard,hard,program_html
visualwebarena.552,False,shopping,easy,easy,easy,page_image_query
visualwebarena.553,False,shopping,medium,easy,medium,program_html
visualwebarena.554,False,shopping,hard,hard,hard,program_html
visualwebarena.555,False,shopping,hard,hard,hard,program_html
visualwebarena.556,False,shopping,hard,hard,hard,program_html
visualwebarena.557,False,shopping,hard,hard,hard,program_html
visualwebarena.558,False,shopping,hard,hard,hard,program_html
visualwebarena.559,False,shopping,hard,hard,hard,program_html
visualwebarena.560,False,shopping,hard,hard,hard,program_html
visualwebarena.561,False,shopping,hard,hard,hard,program_html
visualwebarena.562,False,shopping,hard,hard,hard,program_html
visualwebarena.563,False,shopping,hard,hard,hard,program_html
visualwebarena.564,False,shopping,hard,hard,hard,program_html
visualwebarena.565,False,shopping,hard,medium,hard,string_match
visualwebarena.566,False,shopping,hard,medium,hard,string_match
visualwebarena.567,False,shopping,hard,medium,hard,string_match
visualwebarena.568,False,shopping,hard,medium,hard,string_match
visualwebarena.569,False,shopping,medium,hard,hard,string_match
visualwebarena.570,False,shopping,medium,hard,hard,string_match
visualwebarena.571,False,shopping,easy,hard,hard,string_match
visualwebarena.572,False,shopping,easy,hard,hard,string_match
visualwebarena.573,False,shopping,easy,hard,hard,string_match
visualwebarena.574,False,shopping,easy,medium,easy,string_match
visualwebarena.575,False,shopping,easy,medium,easy,string_match
visualwebarena.576,False,shopping,easy,medium,easy,string_match
visualwebarena.577,False,shopping,easy,medium,easy,string_match
visualwebarena.578,False,shopping,easy,medium,easy,string_match
visualwebarena.579,False,shopping,easy,medium,easy,string_match
visualwebarena.580,False,shopping,easy,medium,easy,string_match
visualwebarena.581,False,shopping,hard,hard,hard,string_match
visualwebarena.582,False,shopping,medium,medium,medium,string_match
visualwebarena.583,False,shopping,medium,hard,hard,string_match
visualwebarena.584,False,shopping,medium,medium,medium,string_match
visualwebarena.585,False,shopping,easy,medium,medium,string_match
visualwebarena.586,False,shopping,easy,medium,medium,string_match
visualwebarena.587,False,shopping,easy,hard,hard,string_match
visualwebarena.588,False,shopping,easy,medium,medium,string_match
visualwebarena.589,False,shopping,easy,medium,easy,string_match
visualwebarena.590,False,shopping,easy,medium,easy,string_match
visualwebarena.591,False,shopping,easy,hard,hard,string_match
visualwebarena.592,False,shopping,easy,easy,easy,string_match
visualwebarena.593,False,shopping,easy,easy,easy,string_match
visualwebarena.594,False,shopping,hard,easy,hard,url_match
visualwebarena.595,False,shopping,hard,easy,hard,url_match
visualwebarena.596,False,shopping,hard,medium,hard,url_match
visualwebarena.597,False,shopping,medium,medium,medium,program_html page_image_query
visualwebarena.598,False,shopping,medium,medium,medium,program_html page_image_query
visualwebarena.599,False,shopping,hard,medium,hard,url_match
visualwebarena.600,False,shopping,hard,medium,hard,url_match
visualwebarena.601,False,shopping,hard,medium,hard,url_match
visualwebarena.602,False,shopping,hard,hard,hard,program_html page_image_query
visualwebarena.603,False,shopping,easy,medium,medium,page_image_query
visualwebarena.604,False,shopping,medium,medium,medium,page_image_query
visualwebarena.605,False,shopping,medium,medium,medium,program_html
visualwebarena.606,False,shopping,medium,medium,medium,program_html
visualwebarena.607,False,shopping,medium,medium,medium,page_image_query
visualwebarena.608,False,shopping,hard,hard,hard,program_html page_image_query
visualwebarena.609,False,shopping,hard,hard,hard,program_html
visualwebarena.610,False,shopping,hard,hard,hard,program_html page_image_query
visualwebarena.611,False,shopping,hard,hard,hard,string_match
visualwebarena.612,False,shopping,medium,easy,easy,program_html
visualwebarena.613,False,shopping,hard,hard,hard,program_html
visualwebarena.614,False,shopping,hard,hard,hard,program_html
visualwebarena.615,False,shopping,hard,hard,hard,program_html
visualwebarena.616,False,shopping,medium,easy,easy,program_html
visualwebarena.617,False,shopping,medium,easy,easy,program_html
visualwebarena.618,False,shopping,hard,hard,hard,program_html
visualwebarena.619,False,shopping,hard,hard,hard,program_html
visualwebarena.620,False,shopping,medium,hard,hard,program_html
visualwebarena.621,False,shopping,medium,hard,hard,program_html
visualwebarena.622,False,shopping,hard,hard,hard,program_html
visualwebarena.623,False,shopping,hrad,hard,hard,program_html
visualwebarena.624,False,shopping,hard,hard,hard,program_html
visualwebarena.625,False,shopping,medium,medium,medium,program_html
visualwebarena.626,False,shopping,medium,medium,medium,program_html
visualwebarena.627,False,shopping,hard,hard,hard,program_html
visualwebarena.628,False,shopping,medium,easy,medium,program_html
visualwebarena.629,False,shopping,medium,easy,medium,program_html
visualwebarena.630,False,shopping,hard,medium,medium,program_html
visualwebarena.631,False,shopping,medium,easy,medium,program_html
visualwebarena.632,False,shopping,easy,easy,easy,string_match
visualwebarena.633,False,shopping,medium,medium,medium,program_html
visualwebarena.634,False,shopping,medium,easy,medium,program_html
visualwebarena.635,False,shopping,medium,hard,medium,program_html
visualwebarena.636,False,shopping,easy,hard,hard,string_match
visualwebarena.637,False,shopping,easy,easy,easy,string_match
visualwebarena.638,False,shopping,easy,hard,medium,string_match
visualwebarena.639,False,shopping,easy,easy,easy,string_match
visualwebarena.640,False,shopping,easy,easy,easy,program_html
visualwebarena.641,False,shopping,easy,medium,medium,program_html
visualwebarena.642,False,shopping,medium,medium,medium,program_html
visualwebarena.643,False,shopping,easy,easy,easy,string_match
visualwebarena.644,False,shopping,easy,medium,medium,string_match
visualwebarena.645,False,shopping,easy,easy,easy,string_match
visualwebarena.646,False,shopping,easy,medium,medium,string_match
visualwebarena.647,False,shopping,medium,medium,medium,string_match
visualwebarena.648,False,shopping,medium,medium,medium,string_match
visualwebarena.649,False,shopping,medium,medium,medium,string_match
visualwebarena.650,False,shopping,medium,medium,medium,string_match
visualwebarena.651,False,shopping,medium,hard,hard,string_match
visualwebarena.652,False,shopping,medium,hard,hard,string_match
visualwebarena.653,False,shopping,medium,hard,hard,string_match
visualwebarena.654,False,shopping,easy,medium,easy,string_match
visualwebarena.655,False,shopping,easy,medium,easy,string_match
visualwebarena.656,False,shopping,medium,medium,easy,program_html
visualwebarena.657,False,shopping,medium,hard,medium,program_html
visualwebarena.658,False,shopping,easy,medium,easy,program_html
visualwebarena.659,False,shopping,easy,medium,easy,program_html
visualwebarena.660,False,shopping,easy,medium,easy,program_html
visualwebarena.661,False,shopping,easy,medium,easy,string_match
visualwebarena.662,False,shopping,easy,medium,medium,string_match
visualwebarena.663,False,shopping,medium,hard,hard,string_match
visualwebarena.664,False,shopping,easy,hard,medium,string_match
visualwebarena.665,False,shopping,hard,easy,medium,program_html
visualwebarena.666,False,shopping,hard,easy,medium,program_html
visualwebarena.667,False,shopping,hard,easy,medium,program_html
visualwebarena.668,True,shopping,medium,easy,medium,program_html
visualwebarena.669,True,shopping,medium,hard,hard,program_html
visualwebarena.670,True,shopping,medium,medium,medium,program_html
visualwebarena.671,True,shopping,medium,hard,hard,program_html
visualwebarena.672,True,shopping,medium,easy,easy,program_html
visualwebarena.673,True,shopping,medium,hard,medium,program_html
visualwebarena.674,False,shopping,medium,medium,medium,program_html
visualwebarena.675,False,shopping,easy,easy,easy,program_html
visualwebarena.676,False,shopping,medium,medium,medium,program_html
visualwebarena.677,False,shopping,hard,medium,hard,program_html
visualwebarena.678,False,shopping,hard,medium,hard,program_html
visualwebarena.679,False,shopping,hard,medium,hard,program_html
visualwebarena.680,False,shopping,hard,easy,medium,program_html
visualwebarena.681,False,shopping,hard,easy,medium,program_html
visualwebarena.682,False,shopping,medium,easy,medium,program_html
visualwebarena.683,False,shopping,medium,easy,medium,program_html
visualwebarena.684,False,shopping,hard,medium,hard,program_html
visualwebarena.685,False,shopping,medium,hard,medium,string_match
visualwebarena.686,False,shopping,medium,hard,medium,string_match
visualwebarena.687,False,shopping,easy,hard,easy,string_match
visualwebarena.688,True,shopping,easy,easy,easy,program_html
visualwebarena.689,True,shopping,easy,medium,easy,program_html
visualwebarena.690,False,shopping,hard,medium,hard,program_html
visualwebarena.691,False,shopping,hard,hard,hard,program_html
visualwebarena.692,False,shopping,hard,easy,medium,program_html
visualwebarena.693,False,shopping,hard,easy,medium,program_html
visualwebarena.694,False,shopping,medium,easy,medium,program_html
visualwebarena.695,False,shopping,medium,easy,medium,program_html
visualwebarena.696,False,shopping,hard,easy,medium,program_html
visualwebarena.697,False,shopping,medium,medium,medium,string_match program_html
visualwebarena.698,False,shopping,medium,easy,medium,string_match program_html
visualwebarena.699,False,shopping,hard,medium,medium,string_match program_html
visualwebarena.700,False,shopping,hard,medium,hard,program_html
visualwebarena.701,False,shopping,hard,medium,hard,program_html
visualwebarena.702,False,shopping,medium,easy,medium,program_html
visualwebarena.703,False,shopping,hard,easy,medium,program_html
visualwebarena.704,False,shopping,medium,easy,medium,program_html
visualwebarena.705,False,shopping,medium,medium,medium,program_html
visualwebarena.706,False,shopping,medium,easy,medium,program_html
visualwebarena.707,False,shopping,hard,medium,medium,program_html
visualwebarena.708,False,shopping,medium,hard,medium,program_html
visualwebarena.709,False,shopping,hard,medium,hard,program_html
visualwebarena.710,False,shopping,hard,hard,hard,program_html
visualwebarena.711,True,shopping,medium,easy,easy,url_match program_html
visualwebarena.712,True,shopping,medium,easy,medium,url_match program_html
visualwebarena.713,True,shopping,hard,easy,medium,url_match program_html
visualwebarena.714,True,shopping,medium,medium,medium,url_match program_html
visualwebarena.715,True,shopping,hard,medium,hard,program_html
visualwebarena.716,True,shopping,hard,medium,hard,program_html
visualwebarena.717,True,shopping,medium,easy,easy,program_html
visualwebarena.718,False,shopping,medium,easy,easy,program_html
visualwebarena.719,False,shopping,hard,medium,hard,url_match
visualwebarena.720,False,shopping,hard,medium,hard,url_match
visualwebarena.721,False,shopping,medium,medium,medium,url_match
visualwebarena.722,False,shopping,hard,hard,hard,url_match
visualwebarena.723,False,shopping,hard,medium,medium,string_match
visualwebarena.724,False,shopping,medium,easy,medium,string_match
visualwebarena.725,False,shopping,medium,easy,easy,program_html
visualwebarena.726,False,shopping,medium,easy,easy,program_html
visualwebarena.727,False,shopping,medium,easy,medium,program_html
visualwebarena.728,False,shopping wikipedia,hard,easy,medium,program_html
visualwebarena.729,False,shopping,medium,easy,medium,program_html
visualwebarena.730,False,shopping,easy,easy,easy,page_image_query
visualwebarena.731,False,shopping,medium,easy,medium,string_match
visualwebarena.732,False,shopping,medium,easy,medium,program_html
visualwebarena.733,True,shopping,medium,easy,medium,program_html
visualwebarena.734,False,shopping,medium,easy,medium,string_match
visualwebarena.735,False,shopping,medium,medium,medium,string_match
visualwebarena.736,False,shopping,easy,medium,medium,string_match
visualwebarena.737,False,shopping,easy,medium,medium,string_match
visualwebarena.738,False,shopping,easy,medium,medium,string_match
visualwebarena.739,False,shopping,medium,medium,medium,page_image_query
visualwebarena.740,False,shopping,medium,easy,medium,program_html
visualwebarena.741,False,shopping,medium,easy,medium,program_html page_image_query
visualwebarena.742,False,shopping,easy,medium,medium,string_match
visualwebarena.743,False,shopping,easy,medium,medium,string_match
visualwebarena.744,False,shopping,easy,medium,medium,string_match
visualwebarena.745,False,shopping,easy,medium,medium,string_match
visualwebarena.746,False,shopping,easy,medium,medium,string_match
visualwebarena.747,False,shopping,easy,medium,medium,string_match
visualwebarena.748,False,shopping,easy,hard,hard,string_match
visualwebarena.749,False,shopping,easy,medium,medium,url_match
visualwebarena.750,False,shopping,easy,medium,medium,url_match
visualwebarena.751,False,shopping,easy,medium,medium,url_match
visualwebarena.752,False,shopping,easy,medium,medium,url_match
visualwebarena.753,False,shopping,easy,easy,easy,url_match
visualwebarena.754,False,shopping,easy,easy,easy,url_match
visualwebarena.755,False,shopping,easy,easy,easy,string_match
visualwebarena.756,False,shopping,easy,easy,easy,url_match
visualwebarena.757,False,shopping,medium,easy,easy,program_html
visualwebarena.758,False,shopping,easy,medium,easy,url_match
visualwebarena.759,False,shopping,easy,medium,easy,url_match
visualwebarena.760,False,shopping,easy,medium,medium,string_match
visualwebarena.761,False,shopping,easy,medium,medium,string_match
visualwebarena.762,False,shopping,easy,medium,medium,program_html
visualwebarena.763,False,shopping wikipedia,easy,medium,medium,program_html
visualwebarena.764,True,shopping,medium,medium,medium,program_html
visualwebarena.765,True,shopping,medium,medium,medium,program_html
visualwebarena.766,True,shopping,easy,easy,easy,string_match
visualwebarena.767,False,shopping,easy,easy,easy,string_match
visualwebarena.768,False,shopping,easy,easy,easy,string_match
visualwebarena.769,False,shopping,medium,easy,medium,program_html
visualwebarena.770,False,shopping,medium,easy,medium,program_html
visualwebarena.771,False,shopping,medium,easy,medium,program_html
visualwebarena.772,False,shopping,medium,medium,medium,program_html
visualwebarena.773,False,shopping,medium,medium,medium,program_html
visualwebarena.774,False,shopping,medium,medium,medium,program_html
visualwebarena.775,False,shopping,medium,medium,medium,program_html
visualwebarena.776,False,shopping,medium,medium,medium,program_html
visualwebarena.777,False,shopping,medium,easy,medium,string_match
visualwebarena.778,False,shopping,easy,easy,easy,string_match
visualwebarena.779,False,shopping,medium,medium,medium,program_html
visualwebarena.780,False,shopping,medium,hard,hard,program_html
visualwebarena.781,False,shopping,medium,hard,hard,string_match
visualwebarena.782,False,shopping,hard,medium,hard,program_html
visualwebarena.783,False,shopping,hard,medium,hard,program_html
visualwebarena.784,False,shopping,easy,easy,easy,string_match
visualwebarena.785,False,shopping,hard,hard,hard,program_html
visualwebarena.786,False,shopping,hard,hard,hard,program_html
visualwebarena.787,False,shopping,hard,hard,hard,program_html
visualwebarena.788,False,shopping,hard,hard,hard,program_html
visualwebarena.789,False,shopping wikipedia,medium,medium,medium,program_html
visualwebarena.790,False,shopping,hard,medium,hard,program_html
visualwebarena.791,False,shopping,hard,hard,hard,program_html
visualwebarena.792,False,shopping,medium,hard,hard,program_html
visualwebarena.793,False,shopping,hard,hard,hard,program_html
visualwebarena.794,False,shopping,medium,hard,hard,program_html
visualwebarena.795,False,shopping,medium,hard,hard,program_html
visualwebarena.796,False,shopping,easy,medium,medium,program_html
visualwebarena.797,False,shopping,easy,easy,easy,url_match
visualwebarena.798,False,shopping,hard,medium,medium,program_html
visualwebarena.799,False,shopping,easy,medium,medium,string_match
visualwebarena.800,False,shopping,medium,hard,hard,url_match
visualwebarena.801,False,shopping,easy,easy,easy,string_match
visualwebarena.802,False,shopping,easy,medium,medium,program_html
visualwebarena.803,False,shopping,easy,medium,medium,program_html
visualwebarena.804,False,shopping,easy,medium,medium,program_html
visualwebarena.805,False,shopping,easy,medium,medium,program_html
visualwebarena.806,False,shopping,easy,medium,medium,program_html
visualwebarena.807,False,shopping,easy,medium,medium,program_html
visualwebarena.808,False,shopping,easy,medium,medium,string_match
visualwebarena.809,False,shopping,medium,medium,medium,program_html
visualwebarena.810,False,shopping,medium,medium,medium,program_html
visualwebarena.811,False,shopping,easy,easy,easy,program_html
visualwebarena.812,False,shopping,easy,easy,easy,program_html
visualwebarena.813,False,shopping,hard,medium,hard,program_html
visualwebarena.814,False,shopping,hard,easy,hard,program_html
visualwebarena.815,False,shopping,medium,medium,medium,program_html
visualwebarena.816,False,shopping,hard,hard,hard,program_html
visualwebarena.817,False,shopping,medium,easy,medium,string_match
visualwebarena.818,False,shopping,medium,medium,medium,program_html
visualwebarena.819,False,shopping,medium,medium,medium,program_html
visualwebarena.820,False,shopping,medium,medium,medium,program_html
visualwebarena.821,False,shopping,medium,medium,medium,program_html
visualwebarena.822,False,shopping,easy,medium,medium,string_match
visualwebarena.823,False,shopping,easy,medium,medium,string_match
visualwebarena.824,False,shopping,easy,medium,medium,string_match
visualwebarena.825,False,shopping,hard,easy,medium,string_match
visualwebarena.826,False,shopping,easy,medium,medium,program_html
visualwebarena.827,False,shopping,easy,medium,medium,program_html
visualwebarena.828,False,shopping,medium,hard,hard,program_html
visualwebarena.829,False,shopping,medium,easy,medium,program_html
visualwebarena.830,False,shopping,hard,medium,hard,program_html
visualwebarena.831,False,shopping,medium,easy,medium,program_html
visualwebarena.832,False,shopping,medium,easy,easy,program_html
visualwebarena.833,False,shopping,medium,medium,medium,program_html
visualwebarena.834,False,shopping,hard,hard,hard,program_html
visualwebarena.835,False,shopping,hard,hard,hard,program_html
visualwebarena.836,False,shopping,medium,medium,medium,program_html
visualwebarena.837,False,shopping,easy,medium,medium,program_html
visualwebarena.838,False,shopping,easy,medium,medium,program_html
visualwebarena.839,False,shopping,easy,medium,medium,program_html
visualwebarena.840,False,shopping,easy,easy,easy,program_html
visualwebarena.841,False,shopping,easy,medium,medium,program_html
visualwebarena.842,False,shopping,easy,medium,medium,program_html
visualwebarena.843,False,shopping,medium,medium,medium,program_html
visualwebarena.844,False,shopping,easy,medium,medium,program_html
visualwebarena.845,False,shopping,easy,medium,medium,string_match
visualwebarena.846,False,shopping,easy,medium,medium,string_match
visualwebarena.847,False,shopping,easy,medium,medium,program_html
visualwebarena.848,False,shopping,easy,easy,easy,program_html
visualwebarena.849,False,shopping,hard,hard,hard,program_html
visualwebarena.850,False,shopping,hard,medium,hard,program_html
visualwebarena.851,False,shopping,medium,easy,medium,program_html
visualwebarena.852,False,shopping,hard,hard,hard,program_html
visualwebarena.853,False,shopping,hard,hard,hard,program_html
visualwebarena.854,False,shopping,hard,hard,hard,program_html
visualwebarena.855,False,shopping,hard,hard,hard,program_html
visualwebarena.856,False,shopping,hard,hard,hard,program_html
visualwebarena.857,False,shopping,hard,hard,hard,program_html
visualwebarena.858,False,shopping,hard,medium,hard,program_html
visualwebarena.859,False,shopping,hard,medium,hard,program_html
visualwebarena.860,False,shopping,medium,hard,hard,program_html
visualwebarena.861,False,shopping,medium,hard,hard,program_html
visualwebarena.862,False,shopping,medium,hard,hard,program_html
visualwebarena.863,False,shopping,medium,hard,hard,program_html
visualwebarena.864,False,shopping,medium,hard,hard,program_html
visualwebarena.865,False,shopping,medium,hard,hard,program_html
visualwebarena.866,False,shopping,medium,easy,medium,program_html
visualwebarena.867,False,shopping,easy,easy,easy,program_html
visualwebarena.868,False,shopping,hard,hard,hard,program_html
visualwebarena.869,False,shopping,hard,medium,hard,program_html
visualwebarena.870,False,shopping,hard,medium,hard,program_html
visualwebarena.871,False,shopping,easy,hard,medium,program_html
visualwebarena.872,False,shopping,easy,hard,medium,program_html
visualwebarena.873,False,shopping,easy,hard,medium,program_html
visualwebarena.874,False,shopping,hard,hard,hard,program_html
visualwebarena.875,False,shopping,hard,medium,hard,program_html
visualwebarena.876,False,shopping,medium,medium,medium,program_html
visualwebarena.877,False,shopping,hard,hard,hard,program_html
visualwebarena.878,False,shopping,hard,hard,hard,program_html
visualwebarena.879,False,shopping,hard,hard,hard,program_html
visualwebarena.880,False,shopping,hard,hard,hard,program_html
visualwebarena.881,False,shopping,hard,hard,hard,program_html
visualwebarena.882,False,shopping,hard,hard,hard,program_html
visualwebarena.883,False,shopping,hard,hard,hard,program_html
visualwebarena.884,False,shopping,hard,hard,hard,program_html
visualwebarena.885,False,shopping,hard,hard,hard,program_html
visualwebarena.886,False,shopping,hard,hard,hard,program_html
visualwebarena.887,False,shopping,hard,hard,hard,program_html
visualwebarena.888,False,shopping,hard,hard,hard,program_html
visualwebarena.889,False,shopping,easy,easy,easy,program_html
visualwebarena.890,False,shopping,easy,hard,medium,program_html
visualwebarena.891,False,shopping,easy,hard,medium,program_html
visualwebarena.892,False,shopping,easy,hard,medium,program_html
visualwebarena.893,False,shopping,easy,hard,medium,program_html
visualwebarena.894,False,shopping,hard,hard,hard,program_html
visualwebarena.895,False,shopping,hard,hard,hard,program_html
visualwebarena.896,False,shopping,hard,hard,hard,program_html
visualwebarena.897,False,shopping,medium,medium,medium,program_html
visualwebarena.898,False,shopping,hard,hard,hard,program_html
visualwebarena.899,False,shopping,hard,hard,hard,program_html
visualwebarena.900,False,shopping,hard,hard,hard,program_html
visualwebarena.901,False,shopping,hard,hard,hard,program_html
visualwebarena.902,False,shopping,hard,hard,hard,program_html
visualwebarena.903,False,shopping,hard,hard,hard,program_html
visualwebarena.904,False,shopping,hard,hard,hard,program_html
visualwebarena.905,False,shopping,hard,hard,hard,program_html
visualwebarena.906,False,shopping,hard,hard,hard,program_html
visualwebarena.907,False,shopping,easy,hard,hard,program_html
visualwebarena.908,False,shopping,easy,medium,medium,program_html
visualwebarena.909,False,shopping,easy,medium,medium,program_html
